cohort,pool,n_held_out,n_cells_mature,shift,candidate,seed_stream,n_attempted,n_scored,n_abstained,n_excludes_zero,n_covered,excludes_zero_rate,coverage,median_ci_width,n_normal,n_tumour,n_replicates,n_pool_undefined,null_rejection,null_rejection_mcse,pool_mean,pool_var,pool_skew,pool_form,skew_matched,closed_form_floor
smc,pooled,5,5,0.5,percentile,20260831,400.0,400,0.0,300.0,135.0,0.75,0.3375,1.6178937499999995,,,,,,,,,,,,
smc,pooled,5,5,0.5,patient_cluster,20260831,400.0,392,8.0,278.0,367.0,0.7091836734693877,0.9362244897959183,4.806539692012313,,,,,,,,,,,,
smc,pooled,5,5,0.5,pseudobulk_patient_t,20260831,400.0,392,8.0,15.0,387.0,0.03826530612244898,0.9872448979591837,11.639992180320306,,,,,,,,,,,,
smc,pooled,2,5,0.5,percentile,20260831,400.0,400,0.0,287.0,199.0,0.7175,0.4975,1.34084375,,,,,,,,,,,,
smc,pooled,2,5,0.5,studentised,20260831,400.0,400,0.0,280.0,187.0,0.7,0.4675,1.5525695359080718,,,,,,,,,,,,
smc,pooled,2,5,0.5,bca,20260831,400.0,400,0.0,283.0,180.0,0.7075,0.45,1.38026970731115,,,,,,,,,,,,
smc,pooled,2,5,0.5,welch_t,20260831,400.0,400,0.0,278.0,216.0,0.695,0.54,1.382456226868816,,,,,,,,,,,,
smc,pooled,2,5,0.5,patient_cluster,20260831,400.0,299,101.0,207.0,208.0,0.6923076923076923,0.6956521739130435,2.9066436583261432,,,,,,,,,,,,
smc,pooled,2,5,0.5,pseudobulk_patient_t,20260831,400.0,299,101.0,6.0,297.0,0.020066889632107024,0.9933110367892977,28.61119702864839,,,,,,,,,,,,
smc,pooled,5,50,0.5,percentile,20260831,400.0,400,0.0,171.0,358.0,0.4275,0.895,2.5832437499999994,,,,,,,,,,,,
smc,pooled,5,50,0.5,patient_cluster,20260831,400.0,400,0.0,87.0,400.0,0.2175,1.0,5.209296183527014,,,,,,,,,,,,
smc,pooled,5,50,0.5,pseudobulk_patient_t,20260831,400.0,400,0.0,21.0,395.0,0.0525,0.9875,6.0887393885187375,,,,,,,,,,,,
smc,pooled,2,5,1.0,percentile,20260831,400.0,400,0.0,259.0,141.0,0.6475,0.3525,1.5669187499999997,,,,,,,,,,,,
smc,pooled,2,5,1.0,studentised,20260831,400.0,400,0.0,252.0,148.0,0.63,0.37,1.7392092833520256,,,,,,,,,,,,
smc,pooled,2,5,1.0,bca,20260831,400.0,400,0.0,254.0,146.0,0.635,0.365,1.610336211416613,,,,,,,,,,,,
smc,pooled,2,5,1.0,welch_t,20260831,400.0,400,0.0,249.0,151.0,0.6225,0.3775,1.6741672106588839,,,,,,,,,,,,
smc,pooled,2,5,1.0,patient_cluster,20260831,400.0,265,135.0,165.0,100.0,0.6226415094339622,0.37735849056603776,3.1277705345501956,,,,,,,,,,,,
smc,pooled,2,5,1.0,pseudobulk_patient_t,20260831,400.0,265,135.0,16.0,249.0,0.06037735849056604,0.939622641509434,25.00929223776581,,,,,,,,,,,,
smc,pooled,5,5,1.0,percentile,20260831,400.0,400,0.0,278.0,122.0,0.695,0.305,1.7178062499999993,,,,,,,,,,,,
smc,pooled,5,5,1.0,patient_cluster,20260831,400.0,393,7.0,247.0,146.0,0.628498727735369,0.37150127226463103,5.518447826683122,,,,,,,,,,,,
smc,pooled,5,5,1.0,pseudobulk_patient_t,20260831,400.0,393,7.0,10.0,383.0,0.02544529262086514,0.9745547073791349,15.070706947715761,,,,,,,,,,,,
smc,pooled,5,50,1.0,percentile,20260831,400.0,400,0.0,79.0,321.0,0.1975,0.8025,4.348699999999999,,,,,,,,,,,,
smc,pooled,5,50,1.0,patient_cluster,20260831,400.0,400,0.0,45.0,355.0,0.1125,0.8875,7.346810228095185,,,,,,,,,,,,
smc,pooled,5,50,1.0,pseudobulk_patient_t,20260831,400.0,400,0.0,15.0,385.0,0.0375,0.9625,7.099256282365005,,,,,,,,,,,,
smc,pooled,2,50,0.5,percentile,20260831,400.0,400,0.0,197.0,372.0,0.4925,0.93,2.258631249999998,,,,,,,,,,,,
smc,pooled,2,50,0.5,studentised,20260831,400.0,400,0.0,174.0,359.0,0.435,0.8975,2.5641152422716442,,,,,,,,,,,,
smc,pooled,2,50,0.5,bca,20260831,400.0,400,0.0,177.0,356.0,0.4425,0.89,2.4127791153494944,,,,,,,,,,,,
smc,pooled,2,50,0.5,welch_t,20260831,400.0,400,0.0,194.0,377.0,0.485,0.9425,2.342494528143004,,,,,,,,,,,,
smc,pooled,2,50,0.5,patient_cluster,20260831,400.0,399,1.0,123.0,353.0,0.3082706766917293,0.8847117794486216,3.736259499734193,,,,,,,,,,,,
smc,pooled,2,50,0.5,pseudobulk_patient_t,20260831,400.0,399,1.0,17.0,388.0,0.042606516290726815,0.9724310776942355,17.617330689266787,,,,,,,,,,,,
smc,pooled,5,100,0.5,percentile,20260831,400.0,400,0.0,199.0,383.0,0.4975,0.9575,2.2036124999999984,,,,,,,,,,,,
smc,pooled,5,100,0.5,patient_cluster,20260831,400.0,400,0.0,54.0,399.0,0.135,0.9975,4.7911201251433955,,,,,,,,,,,,
smc,pooled,5,100,0.5,pseudobulk_patient_t,20260831,400.0,400,0.0,25.0,393.0,0.0625,0.9825,5.148186935987063,,,,,,,,,,,,
smc,pooled,2,50,1.0,percentile,20260831,400.0,400,0.0,94.0,306.0,0.235,0.765,3.4295625000000003,,,,,,,,,,,,
smc,pooled,2,50,1.0,studentised,20260831,400.0,400,0.0,98.0,302.0,0.245,0.755,5.25049576028281,,,,,,,,,,,,
smc,pooled,2,50,1.0,bca,20260831,400.0,400,0.0,105.0,295.0,0.2625,0.7375,4.137921090554888,,,,,,,,,,,,
smc,pooled,2,50,1.0,welch_t,20260831,400.0,400,0.0,91.0,309.0,0.2275,0.7725,3.674596476221973,,,,,,,,,,,,
smc,pooled,2,50,1.0,patient_cluster,20260831,400.0,400,0.0,98.0,302.0,0.245,0.755,4.6668036650611615,,,,,,,,,,,,
smc,pooled,2,50,1.0,pseudobulk_patient_t,20260831,400.0,400,0.0,10.0,390.0,0.025,0.975,20.537205255477254,,,,,,,,,,,,
smc,pooled,5,100,1.0,percentile,20260831,400.0,400,0.0,52.0,348.0,0.13,0.87,3.5221874999999994,,,,,,,,,,,,
smc,pooled,5,100,1.0,patient_cluster,20260831,400.0,400,0.0,18.0,382.0,0.045,0.955,6.2091126524710685,,,,,,,,,,,,
smc,pooled,5,100,1.0,pseudobulk_patient_t,20260831,400.0,400,0.0,11.0,389.0,0.0275,0.9725,5.744803260778415,,,,,,,,,,,,
smc,pooled,2,100,0.5,percentile,20260831,400.0,400,0.0,217.0,387.0,0.5425,0.9675,1.8668312499999997,,,,,,,,,,,,
smc,pooled,2,100,0.5,studentised,20260831,400.0,400,0.0,203.0,382.0,0.5075,0.955,1.9753531008028746,,,,,,,,,,,,
smc,pooled,2,100,0.5,bca,20260831,400.0,400,0.0,201.0,379.0,0.5025,0.9475,1.952246609808324,,,,,,,,,,,,
smc,pooled,2,100,0.5,welch_t,20260831,400.0,400,0.0,222.0,394.0,0.555,0.985,1.88669131574426,,,,,,,,,,,,
smc,pooled,2,100,0.5,patient_cluster,20260831,400.0,400,0.0,112.0,358.0,0.28,0.895,3.0859256649863864,,,,,,,,,,,,
smc,pooled,2,100,0.5,pseudobulk_patient_t,20260831,400.0,400,0.0,19.0,390.0,0.0475,0.975,17.181661669626962,,,,,,,,,,,,
smc,pooled,2,100,1.0,percentile,20260831,400.0,400,0.0,67.0,333.0,0.1675,0.8325,2.9924,,,,,,,,,,,,
smc,pooled,2,100,1.0,studentised,20260831,400.0,400,0.0,62.0,338.0,0.155,0.845,3.7547112305604093,,,,,,,,,,,,
smc,pooled,2,100,1.0,bca,20260831,400.0,400,0.0,64.0,336.0,0.16,0.84,3.3130521587903528,,,,,,,,,,,,
smc,pooled,2,100,1.0,welch_t,20260831,400.0,400,0.0,58.0,342.0,0.145,0.855,2.998507748519609,,,,,,,,,,,,
smc,pooled,2,100,1.0,patient_cluster,20260831,400.0,400,0.0,59.0,341.0,0.1475,0.8525,3.923704899122204,,,,,,,,,,,,
smc,pooled,2,100,1.0,pseudobulk_patient_t,20260831,400.0,400,0.0,14.0,386.0,0.035,0.965,14.32410224810646,,,,,,,,,,,,
smc,pooled,2,800,1.0,percentile,20260831,400.0,400,0.0,35.0,365.0,0.0875,0.9125,1.5433874999999995,,,,,,,,,,,,
smc,pooled,2,800,1.0,studentised,20260831,400.0,400,0.0,40.0,360.0,0.1,0.9,1.5902881864569438,,,,,,,,,,,,
smc,pooled,2,800,1.0,bca,20260831,400.0,400,0.0,44.0,356.0,0.11,0.89,1.5569391574685587,,,,,,,,,,,,
smc,pooled,2,800,1.0,welch_t,20260831,400.0,400,0.0,27.0,373.0,0.0675,0.9325,1.581385145869418,,,,,,,,,,,,
smc,pooled,2,800,1.0,patient_cluster,20260831,400.0,400,0.0,33.0,367.0,0.0825,0.9175,4.579622098431657,,,,,,,,,,,,
smc,pooled,2,800,1.0,pseudobulk_patient_t,20260831,400.0,400,0.0,7.0,393.0,0.0175,0.9825,9.584203412041163,,,,,,,,,,,,
smc,pooled,2,800,0.5,percentile,20260831,400.0,400,0.0,281.0,397.0,0.7025,0.9925,1.219712499999999,,,,,,,,,,,,
smc,pooled,2,800,0.5,studentised,20260831,400.0,400,0.0,291.0,395.0,0.7275,0.9875,1.2847748472262415,,,,,,,,,,,,
smc,pooled,2,800,0.5,bca,20260831,400.0,400,0.0,295.0,396.0,0.7375,0.99,1.2477987867113118,,,,,,,,,,,,
smc,pooled,2,800,0.5,welch_t,20260831,400.0,400,0.0,268.0,397.0,0.67,0.9925,1.2251079631194803,,,,,,,,,,,,
smc,pooled,2,800,0.5,patient_cluster,20260831,400.0,400,0.0,100.0,387.0,0.25,0.9675,2.655794302268643,,,,,,,,,,,,
smc,pooled,2,800,0.5,pseudobulk_patient_t,20260831,400.0,400,0.0,20.0,391.0,0.05,0.9775,11.789152258426672,,,,,,,,,,,,
smc,pooled,2,50,1.0,percentile,1,400.0,400,0.0,105.0,295.0,0.2625,0.7375,3.3605812499999965,,,,,,,,,,,,
smc,pooled,2,50,1.0,studentised,1,400.0,400,0.0,98.0,302.0,0.245,0.755,4.853151410778333,,,,,,,,,,,,
smc,pooled,2,50,1.0,bca,1,400.0,400,0.0,99.0,301.0,0.2475,0.7525,3.8232285921083795,,,,,,,,,,,,
smc,pooled,2,50,1.0,welch_t,1,400.0,400,0.0,102.0,298.0,0.255,0.745,3.547210630869571,,,,,,,,,,,,
smc,pooled,2,50,1.0,patient_cluster,1,400.0,399,1.0,94.0,305.0,0.23558897243107768,0.7644110275689223,5.102818666356701,,,,,,,,,,,,
smc,pooled,2,50,1.0,pseudobulk_patient_t,1,400.0,399,1.0,8.0,391.0,0.020050125313283207,0.9799498746867168,22.73182194057412,,,,,,,,,,,,
smc,pooled,2,50,0.5,percentile,1,400.0,400,0.0,212.0,360.0,0.53,0.9,2.2140999999999993,,,,,,,,,,,,
smc,pooled,2,50,0.5,studentised,1,400.0,400,0.0,193.0,345.0,0.4825,0.8625,2.529253372604618,,,,,,,,,,,,
smc,pooled,2,50,0.5,bca,1,400.0,400,0.0,194.0,340.0,0.485,0.85,2.404189777125191,,,,,,,,,,,,
smc,pooled,2,50,0.5,welch_t,1,400.0,400,0.0,217.0,371.0,0.5425,0.9275,2.2897629263398693,,,,,,,,,,,,
smc,pooled,2,50,0.5,patient_cluster,1,400.0,400,0.0,153.0,345.0,0.3825,0.8625,3.6890781847411347,,,,,,,,,,,,
smc,pooled,2,50,0.5,pseudobulk_patient_t,1,400.0,400,0.0,16.0,393.0,0.04,0.9825,19.379022148853835,,,,,,,,,,,,
smc,pooled,2,5,1.0,percentile,1,400.0,400,0.0,260.0,140.0,0.65,0.35,1.6079749999999997,,,,,,,,,,,,
smc,pooled,2,5,1.0,studentised,1,400.0,400,0.0,254.0,146.0,0.635,0.365,1.7719916212544273,,,,,,,,,,,,
smc,pooled,2,5,1.0,bca,1,400.0,400,0.0,262.0,138.0,0.655,0.345,1.6125639994340137,,,,,,,,,,,,
smc,pooled,2,5,1.0,welch_t,1,400.0,400,0.0,247.0,153.0,0.6175,0.3825,1.7235436971135143,,,,,,,,,,,,
smc,pooled,2,5,1.0,patient_cluster,1,400.0,277,123.0,160.0,117.0,0.5776173285198556,0.4223826714801444,3.185122675418034,,,,,,,,,,,,
smc,pooled,2,5,1.0,pseudobulk_patient_t,1,400.0,277,123.0,13.0,264.0,0.04693140794223827,0.9530685920577617,30.937942385037537,,,,,,,,,,,,
smc,pooled,2,5,0.5,percentile,1,400.0,400,0.0,297.0,196.0,0.7425,0.49,1.31949375,,,,,,,,,,,,
smc,pooled,2,5,0.5,studentised,1,400.0,400,0.0,293.0,185.0,0.7325,0.4625,1.4958118799592004,,,,,,,,,,,,
smc,pooled,2,5,0.5,bca,1,400.0,400,0.0,294.0,173.0,0.735,0.4325,1.3509455557379173,,,,,,,,,,,,
smc,pooled,2,5,0.5,welch_t,1,400.0,400,0.0,291.0,214.0,0.7275,0.535,1.3695744833676295,,,,,,,,,,,,
smc,pooled,2,5,0.5,patient_cluster,1,400.0,297,103.0,203.0,215.0,0.6835016835016835,0.7239057239057239,2.6743842735557735,,,,,,,,,,,,
smc,pooled,2,5,0.5,pseudobulk_patient_t,1,400.0,297,103.0,20.0,286.0,0.06734006734006734,0.9629629629629629,24.105256433008243,,,,,,,,,,,,
smc,pooled,2,100,0.5,percentile,1,400.0,400,0.0,203.0,388.0,0.5075,0.97,1.8117312499999993,,,,,,,,,,,,
smc,pooled,2,100,0.5,studentised,1,400.0,400,0.0,196.0,382.0,0.49,0.955,1.9200597752055868,,,,,,,,,,,,
smc,pooled,2,100,0.5,bca,1,400.0,400,0.0,198.0,374.0,0.495,0.935,1.8843958509943577,,,,,,,,,,,,
smc,pooled,2,100,0.5,welch_t,1,400.0,400,0.0,207.0,390.0,0.5175,0.975,1.8409758361571806,,,,,,,,,,,,
smc,pooled,2,100,0.5,patient_cluster,1,400.0,400,0.0,103.0,364.0,0.2575,0.91,3.380884513582672,,,,,,,,,,,,
smc,pooled,2,100,0.5,pseudobulk_patient_t,1,400.0,400,0.0,16.0,393.0,0.04,0.9825,15.604351559066945,,,,,,,,,,,,
smc,pooled,2,100,1.0,percentile,1,400.0,400,0.0,58.0,342.0,0.145,0.855,3.3546749999999976,,,,,,,,,,,,
smc,pooled,2,100,1.0,studentised,1,400.0,400,0.0,64.0,336.0,0.16,0.84,4.052227475181338,,,,,,,,,,,,
smc,pooled,2,100,1.0,bca,1,400.0,400,0.0,64.0,336.0,0.16,0.84,3.667133051667543,,,,,,,,,,,,
smc,pooled,2,100,1.0,welch_t,1,400.0,400,0.0,55.0,345.0,0.1375,0.8625,3.458765721238871,,,,,,,,,,,,
smc,pooled,2,100,1.0,patient_cluster,1,400.0,400,0.0,52.0,348.0,0.13,0.87,4.472061844715045,,,,,,,,,,,,
smc,pooled,2,100,1.0,pseudobulk_patient_t,1,400.0,400,0.0,7.0,393.0,0.0175,0.9825,16.11102314122499,,,,,,,,,,,,
smc,pooled,5,5,1.0,percentile,1,400.0,400,0.0,264.0,136.0,0.66,0.34,1.7998125,,,,,,,,,,,,
smc,pooled,5,5,1.0,patient_cluster,1,400.0,392,8.0,239.0,153.0,0.6096938775510204,0.3903061224489796,5.4603182563358015,,,,,,,,,,,,
smc,pooled,5,5,1.0,pseudobulk_patient_t,1,400.0,392,8.0,13.0,379.0,0.03316326530612245,0.9668367346938775,14.458455389792963,,,,,,,,,,,,
smc,pooled,5,800,0.5,percentile,20260831,400.0,400,0.0,314.0,398.0,0.785,0.995,1.51205,,,,,,,,,,,,
smc,pooled,5,800,0.5,patient_cluster,20260831,400.0,400,0.0,16.0,400.0,0.04,1.0,3.9087957820161163,,,,,,,,,,,,
smc,pooled,5,800,0.5,pseudobulk_patient_t,20260831,400.0,400,0.0,33.0,396.0,0.0825,0.99,4.140156147343428,,,,,,,,,,,,
smc,pooled,5,5,0.5,percentile,1,400.0,400,0.0,290.0,148.0,0.725,0.37,1.7071624999999995,,,,,,,,,,,,
smc,pooled,5,5,0.5,patient_cluster,1,400.0,394,6.0,266.0,374.0,0.6751269035532995,0.949238578680203,5.108593037244724,,,,,,,,,,,,
smc,pooled,5,5,0.5,pseudobulk_patient_t,1,400.0,394,6.0,18.0,384.0,0.04568527918781726,0.9746192893401016,10.773279950086192,,,,,,,,,,,,
smc,pooled,5,800,1.0,percentile,20260831,400.0,400,0.0,30.0,370.0,0.075,0.925,2.0059625,,,,,,,,,,,,
smc,pooled,5,800,1.0,patient_cluster,20260831,400.0,400,0.0,1.0,399.0,0.0025,0.9975,6.203171567361769,,,,,,,,,,,,
smc,pooled,5,800,1.0,pseudobulk_patient_t,20260831,400.0,400,0.0,6.0,394.0,0.015,0.985,3.302590705168996,,,,,,,,,,,,
smc,pooled,2,800,0.5,percentile,1,400.0,400,0.0,306.0,399.0,0.765,0.9975,1.285625,,,,,,,,,,,,
smc,pooled,2,800,0.5,studentised,1,400.0,400,0.0,315.0,399.0,0.7875,0.9975,1.3435566505314873,,,,,,,,,,,,
smc,pooled,2,800,0.5,bca,1,400.0,400,0.0,317.0,399.0,0.7925,0.9975,1.3078336056770972,,,,,,,,,,,,
smc,pooled,2,800,0.5,welch_t,1,400.0,400,0.0,287.0,399.0,0.7175,0.9975,1.2862027511426157,,,,,,,,,,,,
smc,pooled,2,800,0.5,patient_cluster,1,400.0,400,0.0,105.0,383.0,0.2625,0.9575,3.2157184830547294,,,,,,,,,,,,
smc,pooled,2,800,0.5,pseudobulk_patient_t,1,400.0,400,0.0,19.0,398.0,0.0475,0.995,15.90846064854436,,,,,,,,,,,,
smc,pooled,2,800,1.0,percentile,1,400.0,400,0.0,27.0,373.0,0.0675,0.9325,1.5472312499999992,,,,,,,,,,,,
smc,pooled,2,800,1.0,studentised,1,400.0,400,0.0,30.0,370.0,0.075,0.925,1.5451694140092687,,,,,,,,,,,,
smc,pooled,2,800,1.0,bca,1,400.0,400,0.0,31.0,369.0,0.0775,0.9225,1.5556129314742095,,,,,,,,,,,,
smc,pooled,2,800,1.0,welch_t,1,400.0,400,0.0,22.0,378.0,0.055,0.945,1.5590281314320156,,,,,,,,,,,,
smc,pooled,2,800,1.0,patient_cluster,1,400.0,400,0.0,24.0,376.0,0.06,0.94,3.8555257940145085,,,,,,,,,,,,
smc,pooled,2,800,1.0,pseudobulk_patient_t,1,400.0,400,0.0,15.0,385.0,0.0375,0.9625,8.255127177412557,,,,,,,,,,,,
smc,pooled,5,50,0.5,percentile,1,400.0,400,0.0,200.0,341.0,0.5,0.8525,2.469681249999999,,,,,,,,,,,,
smc,pooled,5,50,0.5,patient_cluster,1,400.0,400,0.0,102.0,396.0,0.255,0.99,5.219675666688557,,,,,,,,,,,,
smc,pooled,5,50,0.5,pseudobulk_patient_t,1,400.0,400,0.0,20.0,394.0,0.05,0.985,5.5551741418570835,,,,,,,,,,,,
smc,pooled,5,50,1.0,percentile,1,400.0,400,0.0,86.0,314.0,0.215,0.785,4.303193749999998,,,,,,,,,,,,
smc,pooled,5,50,1.0,patient_cluster,1,400.0,400,0.0,44.0,356.0,0.11,0.89,7.060828207955057,,,,,,,,,,,,
smc,pooled,5,50,1.0,pseudobulk_patient_t,1,400.0,400,0.0,10.0,390.0,0.025,0.975,7.3895464458174125,,,,,,,,,,,,
smc,pooled,5,100,1.0,percentile,1,400.0,400,0.0,55.0,345.0,0.1375,0.8625,3.5283687499999985,,,,,,,,,,,,
smc,pooled,5,100,1.0,patient_cluster,1,400.0,400,0.0,20.0,380.0,0.05,0.95,6.589826387287691,,,,,,,,,,,,
smc,pooled,5,100,1.0,pseudobulk_patient_t,1,400.0,400,0.0,8.0,392.0,0.02,0.98,6.46154177167062,,,,,,,,,,,,
smc,pooled,5,100,0.5,percentile,1,400.0,400,0.0,192.0,385.0,0.48,0.9625,2.250868749999998,,,,,,,,,,,,
smc,pooled,5,100,0.5,patient_cluster,1,400.0,400,0.0,60.0,395.0,0.15,0.9875,4.4372903206233945,,,,,,,,,,,,
smc,pooled,5,100,0.5,pseudobulk_patient_t,1,400.0,400,0.0,27.0,391.0,0.0675,0.9775,5.437078612943406,,,,,,,,,,,,
smc,pooled,2,5,0.5,percentile,2,400.0,400,0.0,294.0,198.0,0.735,0.495,1.2842187499999995,,,,,,,,,,,,
smc,pooled,2,5,0.5,studentised,2,400.0,400,0.0,289.0,186.0,0.7225,0.465,1.5524728909740566,,,,,,,,,,,,
smc,pooled,2,5,0.5,bca,2,400.0,400,0.0,291.0,176.0,0.7275,0.44,1.3367819901544058,,,,,,,,,,,,
smc,pooled,2,5,0.5,welch_t,2,400.0,400,0.0,286.0,217.0,0.715,0.5425,1.3474358699039266,,,,,,,,,,,,
smc,pooled,2,5,0.5,patient_cluster,2,400.0,274,126.0,191.0,212.0,0.6970802919708029,0.7737226277372263,2.7866275446530016,,,,,,,,,,,,
smc,pooled,2,5,0.5,pseudobulk_patient_t,2,400.0,274,126.0,7.0,270.0,0.025547445255474453,0.9854014598540146,25.808427596238857,,,,,,,,,,,,
smc,pooled,2,5,1.0,percentile,2,400.0,400,0.0,257.0,143.0,0.6425,0.3575,1.5101874999999998,,,,,,,,,,,,
smc,pooled,2,5,1.0,studentised,2,400.0,400,0.0,250.0,150.0,0.625,0.375,1.6756622919992779,,,,,,,,,,,,
smc,pooled,2,5,1.0,bca,2,400.0,400,0.0,258.0,142.0,0.645,0.355,1.5318721538089282,,,,,,,,,,,,
smc,pooled,2,5,1.0,welch_t,2,400.0,400,0.0,248.0,152.0,0.62,0.38,1.6021454856960529,,,,,,,,,,,,
smc,pooled,2,5,1.0,patient_cluster,2,400.0,279,121.0,159.0,120.0,0.5698924731182796,0.43010752688172044,3.598214406102224,,,,,,,,,,,,
smc,pooled,2,5,1.0,pseudobulk_patient_t,2,400.0,279,121.0,12.0,267.0,0.043010752688172046,0.956989247311828,31.2938421198036,,,,,,,,,,,,
smc,pooled,5,800,0.5,percentile,1,400.0,400,0.0,306.0,399.0,0.765,0.9975,1.6302062499999999,,,,,,,,,,,,
smc,pooled,5,800,0.5,patient_cluster,1,400.0,400,0.0,20.0,400.0,0.05,1.0,5.312034454286749,,,,,,,,,,,,
smc,pooled,5,800,0.5,pseudobulk_patient_t,1,400.0,400,0.0,34.0,397.0,0.085,0.9925,4.131160548409922,,,,,,,,,,,,
smc,pooled,5,800,1.0,percentile,1,400.0,400,0.0,28.0,372.0,0.07,0.93,1.9509249999999998,,,,,,,,,,,,
smc,pooled,5,800,1.0,patient_cluster,1,400.0,400,0.0,1.0,399.0,0.0025,0.9975,5.684746802137765,,,,,,,,,,,,
smc,pooled,5,800,1.0,pseudobulk_patient_t,1,400.0,400,0.0,9.0,391.0,0.0225,0.9775,3.4671724531883177,,,,,,,,,,,,
smc,pooled,2,50,1.0,percentile,2,400.0,400,0.0,92.0,308.0,0.23,0.77,3.756206249999999,,,,,,,,,,,,
smc,pooled,2,50,1.0,studentised,2,400.0,400,0.0,87.0,313.0,0.2175,0.7825,5.554313318085425,,,,,,,,,,,,
smc,pooled,2,50,1.0,bca,2,400.0,400,0.0,92.0,308.0,0.23,0.77,4.400090748467526,,,,,,,,,,,,
smc,pooled,2,50,1.0,welch_t,2,400.0,400,0.0,88.0,312.0,0.22,0.78,4.006174293251281,,,,,,,,,,,,
smc,pooled,2,50,1.0,patient_cluster,2,400.0,397,3.0,88.0,309.0,0.2216624685138539,0.7783375314861462,4.389115919698087,,,,,,,,,,,,
smc,pooled,2,50,1.0,pseudobulk_patient_t,2,400.0,397,3.0,13.0,384.0,0.0327455919395466,0.9672544080604534,20.763680215766204,,,,,,,,,,,,
smc,pooled,2,50,0.5,percentile,2,400.0,400,0.0,196.0,370.0,0.49,0.925,2.1686999999999994,,,,,,,,,,,,
smc,pooled,2,50,0.5,studentised,2,400.0,400,0.0,173.0,359.0,0.4325,0.8975,2.615175334129863,,,,,,,,,,,,
smc,pooled,2,50,0.5,bca,2,400.0,400,0.0,177.0,352.0,0.4425,0.88,2.3583932906493232,,,,,,,,,,,,
smc,pooled,2,50,0.5,welch_t,2,400.0,400,0.0,193.0,378.0,0.4825,0.945,2.2466884084672287,,,,,,,,,,,,
smc,pooled,2,50,0.5,patient_cluster,2,400.0,397,3.0,141.0,344.0,0.35516372795969775,0.8664987405541562,3.1147896726123747,,,,,,,,,,,,
smc,pooled,2,50,0.5,pseudobulk_patient_t,2,400.0,397,3.0,17.0,390.0,0.042821158690176324,0.982367758186398,15.22220670694416,,,,,,,,,,,,
smc,pooled,2,100,1.0,percentile,2,400.0,400,0.0,64.0,336.0,0.16,0.84,2.8088374999999997,,,,,,,,,,,,
smc,pooled,2,100,1.0,studentised,2,400.0,400,0.0,62.0,338.0,0.155,0.845,3.6472785110738837,,,,,,,,,,,,
smc,pooled,2,100,1.0,bca,2,400.0,400,0.0,64.0,336.0,0.16,0.84,3.256209608197645,,,,,,,,,,,,
smc,pooled,2,100,1.0,welch_t,2,400.0,400,0.0,63.0,337.0,0.1575,0.8425,2.893929301616522,,,,,,,,,,,,
smc,pooled,2,100,1.0,patient_cluster,2,400.0,400,0.0,59.0,341.0,0.1475,0.8525,3.8179804409155507,,,,,,,,,,,,
smc,pooled,2,100,1.0,pseudobulk_patient_t,2,400.0,400,0.0,6.0,394.0,0.015,0.985,17.84552963521711,,,,,,,,,,,,
smc,pooled,2,100,0.5,percentile,2,400.0,400,0.0,216.0,385.0,0.54,0.9625,1.8283124999999996,,,,,,,,,,,,
smc,pooled,2,100,0.5,studentised,2,400.0,400,0.0,208.0,380.0,0.52,0.95,1.9566804732760472,,,,,,,,,,,,
smc,pooled,2,100,0.5,bca,2,400.0,400,0.0,210.0,373.0,0.525,0.9325,1.9084047931864305,,,,,,,,,,,,
smc,pooled,2,100,0.5,welch_t,2,400.0,400,0.0,218.0,389.0,0.545,0.9725,1.8468579776867402,,,,,,,,,,,,
smc,pooled,2,100,0.5,patient_cluster,2,400.0,400,0.0,134.0,351.0,0.335,0.8775,2.8578260534099815,,,,,,,,,,,,
smc,pooled,2,100,0.5,pseudobulk_patient_t,2,400.0,400,0.0,16.0,390.0,0.04,0.975,15.76871769505576,,,,,,,,,,,,
smc,pooled,5,5,0.5,percentile,2,400.0,400,0.0,297.0,149.0,0.7425,0.3725,1.6269750000000003,,,,,,,,,,,,
smc,pooled,5,5,0.5,patient_cluster,2,400.0,393,7.0,273.0,357.0,0.6946564885496184,0.9083969465648855,4.950324362569116,,,,,,,,,,,,
smc,pooled,5,5,0.5,pseudobulk_patient_t,2,400.0,393,7.0,19.0,382.0,0.04834605597964377,0.9720101781170484,11.628840382147871,,,,,,,,,,,,
smc,pooled,5,5,1.0,percentile,2,400.0,400,0.0,282.0,118.0,0.705,0.295,1.6554249999999995,,,,,,,,,,,,
smc,pooled,5,5,1.0,patient_cluster,2,400.0,390,10.0,248.0,142.0,0.6358974358974359,0.3641025641025641,5.361755590861412,,,,,,,,,,,,
smc,pooled,5,5,1.0,pseudobulk_patient_t,2,400.0,390,10.0,12.0,378.0,0.03076923076923077,0.9692307692307692,13.675898188945652,,,,,,,,,,,,
smc,pooled,2,800,1.0,percentile,2,400.0,400,0.0,30.0,370.0,0.075,0.925,1.57059375,,,,,,,,,,,,
smc,pooled,2,800,1.0,studentised,2,400.0,400,0.0,41.0,359.0,0.1025,0.8975,1.5671146595919367,,,,,,,,,,,,
smc,pooled,2,800,1.0,bca,2,400.0,400,0.0,41.0,359.0,0.1025,0.8975,1.5605621263965852,,,,,,,,,,,,
smc,pooled,2,800,1.0,welch_t,2,400.0,400,0.0,26.0,374.0,0.065,0.935,1.5594265035796173,,,,,,,,,,,,
smc,pooled,2,800,1.0,patient_cluster,2,400.0,400,0.0,33.0,367.0,0.0825,0.9175,3.596493409055599,,,,,,,,,,,,
smc,pooled,2,800,1.0,pseudobulk_patient_t,2,400.0,400,0.0,10.0,390.0,0.025,0.975,8.505840747767746,,,,,,,,,,,,
smc,pooled,5,50,0.5,percentile,2,400.0,400,0.0,167.0,350.0,0.4175,0.875,2.604318749999997,,,,,,,,,,,,
smc,pooled,5,50,0.5,patient_cluster,2,400.0,400,0.0,78.0,395.0,0.195,0.9875,5.193759120669968,,,,,,,,,,,,
smc,pooled,5,50,0.5,pseudobulk_patient_t,2,400.0,400,0.0,27.0,391.0,0.0675,0.9775,5.891121631303165,,,,,,,,,,,,
smc,pooled,5,50,1.0,percentile,2,400.0,400,0.0,69.0,331.0,0.1725,0.8275,4.298393749999998,,,,,,,,,,,,
smc,pooled,5,50,1.0,patient_cluster,2,400.0,400,0.0,36.0,364.0,0.09,0.91,6.821489307311599,,,,,,,,,,,,
smc,pooled,5,50,1.0,pseudobulk_patient_t,2,400.0,400,0.0,12.0,388.0,0.03,0.97,7.399148863357357,,,,,,,,,,,,
smc,pooled,2,800,0.5,percentile,2,400.0,400,0.0,297.0,398.0,0.7425,0.995,1.2539499999999995,,,,,,,,,,,,
smc,pooled,2,800,0.5,studentised,2,400.0,400,0.0,303.0,395.0,0.7575,0.9875,1.283578593050212,,,,,,,,,,,,
smc,pooled,2,800,0.5,bca,2,400.0,400,0.0,316.0,395.0,0.79,0.9875,1.255232791441076,,,,,,,,,,,,
smc,pooled,2,800,0.5,welch_t,2,400.0,400,0.0,286.0,397.0,0.715,0.9925,1.248168786617013,,,,,,,,,,,,
smc,pooled,2,800,0.5,patient_cluster,2,400.0,400,0.0,72.0,385.0,0.18,0.9625,3.026832343880298,,,,,,,,,,,,
smc,pooled,2,800,0.5,pseudobulk_patient_t,2,400.0,400,0.0,17.0,397.0,0.0425,0.9925,14.857307674567629,,,,,,,,,,,,
smc,pooled,5,100,1.0,percentile,2,400.0,400,0.0,45.0,355.0,0.1125,0.8875,3.5131374999999987,,,,,,,,,,,,
smc,pooled,5,100,1.0,patient_cluster,2,400.0,400,0.0,18.0,382.0,0.045,0.955,6.4231816406214275,,,,,,,,,,,,
smc,pooled,5,100,1.0,pseudobulk_patient_t,2,400.0,400,0.0,10.0,390.0,0.025,0.975,5.533722397290603,,,,,,,,,,,,
smc,pooled,5,100,0.5,percentile,2,400.0,400,0.0,199.0,380.0,0.4975,0.95,2.2556687500000003,,,,,,,,,,,,
smc,pooled,5,100,0.5,patient_cluster,2,400.0,400,0.0,66.0,398.0,0.165,0.995,5.021513410998075,,,,,,,,,,,,
smc,pooled,5,100,0.5,pseudobulk_patient_t,2,400.0,400,0.0,24.0,390.0,0.06,0.975,5.290757396111639,,,,,,,,,,,,
smc,pooled,5,800,1.0,percentile,2,400.0,400,0.0,22.0,378.0,0.055,0.945,1.87846875,,,,,,,,,,,,
smc,pooled,5,800,1.0,patient_cluster,2,400.0,400,0.0,1.0,399.0,0.0025,0.9975,5.275208257903562,,,,,,,,,,,,
smc,pooled,5,800,1.0,pseudobulk_patient_t,2,400.0,400,0.0,5.0,395.0,0.0125,0.9875,3.3294693153318695,,,,,,,,,,,,
smc,pooled,2,5,1.0,percentile,3,400.0,400,0.0,268.0,132.0,0.67,0.33,1.5685250000000002,,,,,,,,,,,,
smc,pooled,2,5,1.0,studentised,3,400.0,400,0.0,259.0,141.0,0.6475,0.3525,1.793893291685388,,,,,,,,,,,,
smc,pooled,2,5,1.0,bca,3,400.0,400,0.0,263.0,137.0,0.6575,0.3425,1.581055169173712,,,,,,,,,,,,
smc,pooled,2,5,1.0,welch_t,3,400.0,400,0.0,252.0,148.0,0.63,0.37,1.671714128975331,,,,,,,,,,,,
smc,pooled,2,5,1.0,patient_cluster,3,400.0,286,114.0,174.0,112.0,0.6083916083916084,0.3916083916083916,3.2943901959890667,,,,,,,,,,,,
smc,pooled,2,5,1.0,pseudobulk_patient_t,3,400.0,286,114.0,7.0,279.0,0.024475524475524476,0.9755244755244755,31.59455076083079,,,,,,,,,,,,
smc,pooled,2,5,0.5,percentile,3,400.0,400,0.0,291.0,213.0,0.7275,0.5325,1.3671187499999986,,,,,,,,,,,,
smc,pooled,2,5,0.5,studentised,3,400.0,400,0.0,276.0,208.0,0.69,0.52,1.571265128649084,,,,,,,,,,,,
smc,pooled,2,5,0.5,bca,3,400.0,400,0.0,282.0,194.0,0.705,0.485,1.4022115895500673,,,,,,,,,,,,
smc,pooled,2,5,0.5,welch_t,3,400.0,400,0.0,274.0,240.0,0.685,0.6,1.4558530829121694,,,,,,,,,,,,
smc,pooled,2,5,0.5,patient_cluster,3,400.0,273,127.0,192.0,191.0,0.7032967032967034,0.6996336996336996,2.481739537058686,,,,,,,,,,,,
smc,pooled,2,5,0.5,pseudobulk_patient_t,3,400.0,273,127.0,14.0,265.0,0.05128205128205128,0.9706959706959707,24.004419861229856,,,,,,,,,,,,
smc,pooled,2,50,1.0,percentile,3,400.0,400,0.0,81.0,319.0,0.2025,0.7975,3.8322437499999995,,,,,,,,,,,,
smc,pooled,2,50,1.0,studentised,3,400.0,400,0.0,76.0,324.0,0.19,0.81,5.595102659689482,,,,,,,,,,,,
smc,pooled,2,50,1.0,bca,3,400.0,400,0.0,80.0,320.0,0.2,0.8,4.553907689959698,,,,,,,,,,,,
smc,pooled,2,50,1.0,welch_t,3,400.0,400,0.0,81.0,319.0,0.2025,0.7975,4.107798241732177,,,,,,,,,,,,
smc,pooled,2,50,1.0,patient_cluster,3,400.0,396,4.0,73.0,323.0,0.18434343434343434,0.8156565656565656,4.923082113257325,,,,,,,,,,,,
smc,pooled,2,50,1.0,pseudobulk_patient_t,3,400.0,396,4.0,12.0,384.0,0.030303030303030304,0.9696969696969697,21.559015679804542,,,,,,,,,,,,
smc,pooled,5,800,0.5,percentile,2,400.0,400,0.0,300.0,398.0,0.75,0.995,1.5296499999999997,,,,,,,,,,,,
smc,pooled,5,800,0.5,patient_cluster,2,400.0,400,0.0,21.0,400.0,0.0525,1.0,4.378343961089704,,,,,,,,,,,,
smc,pooled,5,800,0.5,pseudobulk_patient_t,2,400.0,400,0.0,23.0,397.0,0.0575,0.9925,3.9312886740493482,,,,,,,,,,,,
smc,pooled,2,50,0.5,percentile,3,400.0,400,0.0,198.0,368.0,0.495,0.92,2.1752312499999995,,,,,,,,,,,,
smc,pooled,2,50,0.5,studentised,3,400.0,400,0.0,182.0,359.0,0.455,0.8975,2.4248997323441372,,,,,,,,,,,,
smc,pooled,2,50,0.5,bca,3,400.0,400,0.0,187.0,354.0,0.4675,0.885,2.3314391082733366,,,,,,,,,,,,
smc,pooled,2,50,0.5,welch_t,3,400.0,400,0.0,201.0,372.0,0.5025,0.93,2.242421500789993,,,,,,,,,,,,
smc,pooled,2,50,0.5,patient_cluster,3,400.0,399,1.0,130.0,350.0,0.3258145363408521,0.8771929824561403,3.454861291158932,,,,,,,,,,,,
smc,pooled,2,50,0.5,pseudobulk_patient_t,3,400.0,399,1.0,14.0,389.0,0.03508771929824561,0.974937343358396,16.57780336110399,,,,,,,,,,,,
smc,pooled,2,100,1.0,percentile,3,400.0,400,0.0,57.0,343.0,0.1425,0.8575,3.348618749999999,,,,,,,,,,,,
smc,pooled,2,100,1.0,studentised,3,400.0,400,0.0,56.0,344.0,0.14,0.86,4.207961184346887,,,,,,,,,,,,
smc,pooled,2,100,1.0,bca,3,400.0,400,0.0,60.0,340.0,0.15,0.85,3.6810412498803893,,,,,,,,,,,,
smc,pooled,2,100,1.0,welch_t,3,400.0,400,0.0,55.0,345.0,0.1375,0.8625,3.4722174080403043,,,,,,,,,,,,
smc,pooled,2,100,1.0,patient_cluster,3,400.0,400,0.0,66.0,334.0,0.165,0.835,4.081217134191121,,,,,,,,,,,,
smc,pooled,2,100,1.0,pseudobulk_patient_t,3,400.0,400,0.0,17.0,383.0,0.0425,0.9575,15.548751994997128,,,,,,,,,,,,
smc,pooled,2,100,0.5,percentile,3,400.0,400,0.0,202.0,384.0,0.505,0.96,1.9464062499999992,,,,,,,,,,,,
smc,pooled,2,100,0.5,studentised,3,400.0,400,0.0,191.0,375.0,0.4775,0.9375,2.0597778289078423,,,,,,,,,,,,
smc,pooled,2,100,0.5,bca,3,400.0,400,0.0,191.0,374.0,0.4775,0.935,1.981185980109801,,,,,,,,,,,,
smc,pooled,2,100,0.5,welch_t,3,400.0,400,0.0,196.0,389.0,0.49,0.9725,1.9758648986067406,,,,,,,,,,,,
smc,pooled,2,100,0.5,patient_cluster,3,400.0,400,0.0,123.0,360.0,0.3075,0.9,3.2079748815259546,,,,,,,,,,,,
smc,pooled,2,100,0.5,pseudobulk_patient_t,3,400.0,400,0.0,21.0,388.0,0.0525,0.97,14.900787511982507,,,,,,,,,,,,
smc,pooled,5,5,1.0,percentile,3,400.0,400,0.0,263.0,137.0,0.6575,0.3425,1.8024437499999997,,,,,,,,,,,,
smc,pooled,5,5,1.0,patient_cluster,3,400.0,397,3.0,248.0,149.0,0.6246851385390428,0.37531486146095716,5.288031229647115,,,,,,,,,,,,
smc,pooled,5,5,1.0,pseudobulk_patient_t,3,400.0,397,3.0,12.0,385.0,0.030226700251889168,0.9697732997481109,14.929213897020196,,,,,,,,,,,,
smc,pooled,5,5,0.5,percentile,3,400.0,400,0.0,305.0,153.0,0.7625,0.3825,1.5444374999999997,,,,,,,,,,,,
smc,pooled,5,5,0.5,patient_cluster,3,400.0,392,8.0,278.0,361.0,0.7091836734693877,0.9209183673469388,4.719044872234294,,,,,,,,,,,,
smc,pooled,5,5,0.5,pseudobulk_patient_t,3,400.0,392,8.0,15.0,387.0,0.03826530612244898,0.9872448979591837,10.259616051671012,,,,,,,,,,,,
smc,pooled,2,800,1.0,percentile,3,400.0,400,0.0,22.0,378.0,0.055,0.945,1.5593749999999993,,,,,,,,,,,,
smc,pooled,2,800,1.0,studentised,3,400.0,400,0.0,30.0,370.0,0.075,0.925,1.565195498379484,,,,,,,,,,,,
smc,pooled,2,800,1.0,bca,3,400.0,400,0.0,30.0,370.0,0.075,0.925,1.5641094637284265,,,,,,,,,,,,
smc,pooled,2,800,1.0,welch_t,3,400.0,400,0.0,18.0,382.0,0.045,0.955,1.558758059066522,,,,,,,,,,,,
smc,pooled,2,800,1.0,patient_cluster,3,400.0,400,0.0,27.0,373.0,0.0675,0.9325,3.6869851262871536,,,,,,,,,,,,
smc,pooled,2,800,1.0,pseudobulk_patient_t,3,400.0,400,0.0,9.0,391.0,0.0225,0.9775,7.867641677236076,,,,,,,,,,,,
smc,pooled,5,50,0.5,percentile,3,400.0,400,0.0,185.0,354.0,0.4625,0.885,2.5146437499999994,,,,,,,,,,,,
smc,pooled,5,50,0.5,patient_cluster,3,400.0,400,0.0,89.0,392.0,0.2225,0.98,4.793941596098435,,,,,,,,,,,,
smc,pooled,5,50,0.5,pseudobulk_patient_t,3,400.0,400,0.0,24.0,398.0,0.06,0.995,5.613561106165953,,,,,,,,,,,,
smc,pooled,5,50,1.0,percentile,3,400.0,400,0.0,78.0,322.0,0.195,0.805,4.44096875,,,,,,,,,,,,
smc,pooled,5,50,1.0,patient_cluster,3,400.0,400,0.0,33.0,367.0,0.0825,0.9175,6.803030834554761,,,,,,,,,,,,
smc,pooled,5,50,1.0,pseudobulk_patient_t,3,400.0,400,0.0,13.0,387.0,0.0325,0.9675,7.36523765689423,,,,,,,,,,,,
smc,pooled,5,100,1.0,percentile,3,400.0,400,0.0,49.0,351.0,0.1225,0.8775,3.3974624999999996,,,,,,,,,,,,
smc,pooled,5,100,1.0,patient_cluster,3,400.0,400,0.0,20.0,380.0,0.05,0.95,6.128055142533068,,,,,,,,,,,,
smc,pooled,5,100,1.0,pseudobulk_patient_t,3,400.0,400,0.0,7.0,393.0,0.0175,0.9825,5.839788894138847,,,,,,,,,,,,
smc,pooled,5,100,0.5,percentile,3,400.0,400,0.0,195.0,381.0,0.4875,0.9525,2.2624874999999998,,,,,,,,,,,,
smc,pooled,5,100,0.5,patient_cluster,3,400.0,400,0.0,54.0,395.0,0.135,0.9875,4.637009925680695,,,,,,,,,,,,
smc,pooled,5,100,0.5,pseudobulk_patient_t,3,400.0,400,0.0,31.0,388.0,0.0775,0.97,5.018738300389618,,,,,,,,,,,,
smc,pooled,2,800,0.5,percentile,3,400.0,400,0.0,289.0,400.0,0.7225,1.0,1.2594062499999996,,,,,,,,,,,,
smc,pooled,2,800,0.5,studentised,3,400.0,400,0.0,306.0,398.0,0.765,0.995,1.313652738542709,,,,,,,,,,,,
smc,pooled,2,800,0.5,bca,3,400.0,400,0.0,305.0,397.0,0.7625,0.9925,1.2752509533093015,,,,,,,,,,,,
smc,pooled,2,800,0.5,welch_t,3,400.0,400,0.0,280.0,400.0,0.7,1.0,1.257882940634421,,,,,,,,,,,,
smc,pooled,2,800,0.5,patient_cluster,3,400.0,400,0.0,90.0,387.0,0.225,0.9675,2.7925098660443552,,,,,,,,,,,,
smc,pooled,2,800,0.5,pseudobulk_patient_t,3,400.0,400,0.0,21.0,395.0,0.0525,0.9875,13.36021393695703,,,,,,,,,,,,
smc,pooled,5,800,1.0,percentile,3,400.0,400,0.0,25.0,375.0,0.0625,0.9375,1.8233187499999999,,,,,,,,,,,,
smc,pooled,5,800,1.0,patient_cluster,3,400.0,400,0.0,2.0,398.0,0.005,0.995,5.049116083311523,,,,,,,,,,,,
smc,pooled,5,800,1.0,pseudobulk_patient_t,3,400.0,400,0.0,7.0,393.0,0.0175,0.9825,3.3638624370282493,,,,,,,,,,,,
smc,pooled,2,5,1.0,percentile,4,400.0,400,0.0,257.0,143.0,0.6425,0.3575,1.5835687499999997,,,,,,,,,,,,
smc,pooled,2,5,1.0,studentised,4,400.0,400,0.0,248.0,152.0,0.62,0.38,1.8226893127018553,,,,,,,,,,,,
smc,pooled,2,5,1.0,bca,4,400.0,400,0.0,250.0,150.0,0.625,0.375,1.614050204135561,,,,,,,,,,,,
smc,pooled,2,5,1.0,welch_t,4,400.0,400,0.0,246.0,154.0,0.615,0.385,1.6648315803776064,,,,,,,,,,,,
smc,pooled,2,5,1.0,patient_cluster,4,400.0,291,109.0,171.0,120.0,0.5876288659793815,0.41237113402061853,3.584424150177575,,,,,,,,,,,,
smc,pooled,2,5,1.0,pseudobulk_patient_t,4,400.0,291,109.0,9.0,282.0,0.030927835051546393,0.9690721649484536,33.18376034963636,,,,,,,,,,,,
smc,pooled,2,5,0.5,percentile,4,400.0,400,0.0,283.0,211.0,0.7075,0.5275,1.4819187499999997,,,,,,,,,,,,
smc,pooled,2,5,0.5,studentised,4,400.0,400,0.0,274.0,204.0,0.685,0.51,1.6161722919423132,,,,,,,,,,,,
smc,pooled,2,5,0.5,bca,4,400.0,400,0.0,278.0,192.0,0.695,0.48,1.5097748660248922,,,,,,,,,,,,
smc,pooled,2,5,0.5,welch_t,4,400.0,400,0.0,276.0,227.0,0.69,0.5675,1.4895593031531287,,,,,,,,,,,,
smc,pooled,2,5,0.5,patient_cluster,4,400.0,283,117.0,192.0,215.0,0.6784452296819788,0.7597173144876325,2.930273383858253,,,,,,,,,,,,
smc,pooled,2,5,0.5,pseudobulk_patient_t,4,400.0,283,117.0,16.0,278.0,0.05653710247349823,0.9823321554770318,24.09456963772093,,,,,,,,,,,,
smc,pooled,2,50,1.0,percentile,4,400.0,400,0.0,89.0,311.0,0.2225,0.7775,4.274643749999999,,,,,,,,,,,,
smc,pooled,2,50,1.0,studentised,4,400.0,400,0.0,87.0,313.0,0.2175,0.7825,5.916385541021604,,,,,,,,,,,,
smc,pooled,2,50,1.0,bca,4,400.0,400,0.0,91.0,309.0,0.2275,0.7725,4.769886089947374,,,,,,,,,,,,
smc,pooled,2,50,1.0,welch_t,4,400.0,400,0.0,84.0,316.0,0.21,0.79,4.473545061043126,,,,,,,,,,,,
smc,pooled,2,50,1.0,patient_cluster,4,400.0,400,0.0,88.0,312.0,0.22,0.78,5.638709744485703,,,,,,,,,,,,
smc,pooled,2,50,1.0,pseudobulk_patient_t,4,400.0,400,0.0,17.0,383.0,0.0425,0.9575,21.215625693387906,,,,,,,,,,,,
smc,pooled,2,50,0.5,percentile,4,400.0,400,0.0,201.0,365.0,0.5025,0.9125,2.126387499999999,,,,,,,,,,,,
smc,pooled,2,50,0.5,studentised,4,400.0,400,0.0,186.0,360.0,0.465,0.9,2.376561065160063,,,,,,,,,,,,
smc,pooled,2,50,0.5,bca,4,400.0,400,0.0,188.0,354.0,0.47,0.885,2.226727746088179,,,,,,,,,,,,
smc,pooled,2,50,0.5,welch_t,4,400.0,400,0.0,208.0,372.0,0.52,0.93,2.212407848874789,,,,,,,,,,,,
smc,pooled,2,50,0.5,patient_cluster,4,400.0,398,2.0,139.0,361.0,0.3492462311557789,0.907035175879397,2.9959167691421413,,,,,,,,,,,,
smc,pooled,2,50,0.5,pseudobulk_patient_t,4,400.0,398,2.0,20.0,387.0,0.05025125628140704,0.9723618090452262,15.855290091651055,,,,,,,,,,,,
smc,pooled,5,800,0.5,percentile,3,400.0,400,0.0,310.0,398.0,0.775,0.995,1.51744375,,,,,,,,,,,,
smc,pooled,5,800,0.5,patient_cluster,3,400.0,400,0.0,17.0,400.0,0.0425,1.0,4.702873550456479,,,,,,,,,,,,
smc,pooled,5,800,0.5,pseudobulk_patient_t,3,400.0,400,0.0,24.0,394.0,0.06,0.985,4.0931070236651195,,,,,,,,,,,,
smc,pooled,2,100,1.0,percentile,4,400.0,400,0.0,71.0,329.0,0.1775,0.8225,2.812068749999999,,,,,,,,,,,,
smc,pooled,2,100,1.0,studentised,4,400.0,400,0.0,64.0,336.0,0.16,0.84,3.686299744194611,,,,,,,,,,,,
smc,pooled,2,100,1.0,bca,4,400.0,400,0.0,70.0,330.0,0.175,0.825,3.2258448089267686,,,,,,,,,,,,
smc,pooled,2,100,1.0,welch_t,4,400.0,400,0.0,67.0,333.0,0.1675,0.8325,2.9026313119786495,,,,,,,,,,,,
smc,pooled,2,100,1.0,patient_cluster,4,400.0,400,0.0,58.0,342.0,0.145,0.855,3.6233962562568767,,,,,,,,,,,,
smc,pooled,2,100,1.0,pseudobulk_patient_t,4,400.0,400,0.0,13.0,387.0,0.0325,0.9675,15.324418226079061,,,,,,,,,,,,
smc,pooled,2,100,0.5,percentile,4,400.0,400,0.0,206.0,383.0,0.515,0.9575,1.9005125,,,,,,,,,,,,
smc,pooled,2,100,0.5,studentised,4,400.0,400,0.0,199.0,379.0,0.4975,0.9475,2.0004924596574023,,,,,,,,,,,,
smc,pooled,2,100,0.5,bca,4,400.0,400,0.0,198.0,377.0,0.495,0.9425,1.9271487653858341,,,,,,,,,,,,
smc,pooled,2,100,0.5,welch_t,4,400.0,400,0.0,204.0,389.0,0.51,0.9725,1.9220550857639935,,,,,,,,,,,,
smc,pooled,2,100,0.5,patient_cluster,4,400.0,400,0.0,117.0,367.0,0.2925,0.9175,3.4363088388599925,,,,,,,,,,,,
smc,pooled,2,100,0.5,pseudobulk_patient_t,4,400.0,400,0.0,10.0,396.0,0.025,0.99,16.037031226726477,,,,,,,,,,,,
smc,pooled,5,5,1.0,percentile,4,400.0,400,0.0,259.0,141.0,0.6475,0.3525,1.8156,,,,,,,,,,,,
smc,pooled,5,5,1.0,patient_cluster,4,400.0,393,7.0,230.0,163.0,0.5852417302798982,0.41475826972010177,5.790368110801363,,,,,,,,,,,,
smc,pooled,5,5,1.0,pseudobulk_patient_t,4,400.0,393,7.0,11.0,382.0,0.027989821882951654,0.9720101781170484,14.518570697062085,,,,,,,,,,,,
smc,pooled,5,5,0.5,percentile,4,400.0,400,0.0,302.0,138.0,0.755,0.345,1.6697937499999986,,,,,,,,,,,,
smc,pooled,5,5,0.5,patient_cluster,4,400.0,392,8.0,273.0,358.0,0.6964285714285714,0.9132653061224489,4.614388160946573,,,,,,,,,,,,
smc,pooled,5,5,0.5,pseudobulk_patient_t,4,400.0,392,8.0,11.0,386.0,0.02806122448979592,0.9846938775510204,12.588742179655426,,,,,,,,,,,,
smc,pooled,5,100,1.0,percentile,4,400.0,400,0.0,44.0,356.0,0.11,0.89,3.5917249999999967,,,,,,,,,,,,
smc,pooled,5,100,1.0,patient_cluster,4,400.0,400,0.0,14.0,386.0,0.035,0.965,6.50009366934424,,,,,,,,,,,,
smc,pooled,5,100,1.0,pseudobulk_patient_t,4,400.0,400,0.0,8.0,392.0,0.02,0.98,5.807565627864893,,,,,,,,,,,,
smc,pooled,5,50,1.0,percentile,4,400.0,400,0.0,76.0,324.0,0.19,0.81,4.330456249999999,,,,,,,,,,,,
smc,pooled,5,50,1.0,patient_cluster,4,400.0,400,0.0,44.0,356.0,0.11,0.89,7.025948186276214,,,,,,,,,,,,
smc,pooled,5,50,1.0,pseudobulk_patient_t,4,400.0,400,0.0,10.0,390.0,0.025,0.975,7.687035864073628,,,,,,,,,,,,
smc,pooled,5,50,0.5,percentile,4,400.0,400,0.0,168.0,352.0,0.42,0.88,2.603368749999998,,,,,,,,,,,,
smc,pooled,5,50,0.5,patient_cluster,4,400.0,400,0.0,84.0,393.0,0.21,0.9825,5.7122961245979536,,,,,,,,,,,,
smc,pooled,5,50,0.5,pseudobulk_patient_t,4,400.0,400,0.0,22.0,397.0,0.055,0.9925,6.202224700027018,,,,,,,,,,,,
smc,pooled,5,100,0.5,percentile,4,400.0,400,0.0,204.0,381.0,0.51,0.9525,2.1489124999999993,,,,,,,,,,,,
smc,pooled,5,100,0.5,patient_cluster,4,400.0,400,0.0,56.0,398.0,0.14,0.995,4.2760035812162,,,,,,,,,,,,
smc,pooled,5,100,0.5,pseudobulk_patient_t,4,400.0,400,0.0,32.0,395.0,0.08,0.9875,5.361096373482249,,,,,,,,,,,,
smc,pooled,2,800,1.0,percentile,4,400.0,400,0.0,23.0,377.0,0.0575,0.9425,1.5233812499999995,,,,,,,,,,,,
smc,pooled,2,800,1.0,studentised,4,400.0,400,0.0,28.0,372.0,0.07,0.93,1.534837954358252,,,,,,,,,,,,
smc,pooled,2,800,1.0,bca,4,400.0,400,0.0,28.0,372.0,0.07,0.93,1.525805650934574,,,,,,,,,,,,
smc,pooled,2,800,1.0,welch_t,4,400.0,400,0.0,18.0,382.0,0.045,0.955,1.5426220460870055,,,,,,,,,,,,
smc,pooled,2,800,1.0,patient_cluster,4,400.0,400,0.0,24.0,376.0,0.06,0.94,4.141261510738877,,,,,,,,,,,,
smc,pooled,2,800,1.0,pseudobulk_patient_t,4,400.0,400,0.0,14.0,386.0,0.035,0.965,8.361180213225536,,,,,,,,,,,,
smc,pooled,2,800,0.5,percentile,4,400.0,400,0.0,298.0,398.0,0.745,0.995,1.25309375,,,,,,,,,,,,
smc,pooled,2,800,0.5,studentised,4,400.0,400,0.0,313.0,397.0,0.7825,0.9925,1.3273433539805248,,,,,,,,,,,,
smc,pooled,2,800,0.5,bca,4,400.0,400,0.0,321.0,397.0,0.8025,0.9925,1.2960451461293268,,,,,,,,,,,,
smc,pooled,2,800,0.5,welch_t,4,400.0,400,0.0,288.0,399.0,0.72,0.9975,1.2508665407458082,,,,,,,,,,,,
smc,pooled,2,800,0.5,patient_cluster,4,400.0,400,0.0,66.0,380.0,0.165,0.95,3.597522413073856,,,,,,,,,,,,
smc,pooled,2,800,0.5,pseudobulk_patient_t,4,400.0,400,0.0,11.0,399.0,0.0275,0.9975,16.079073071833008,,,,,,,,,,,,
smc,reference,2,5,0.5,percentile,20260831,400.0,400,0.0,224.0,268.0,0.56,0.67,8.702274999999997,,,,,,,,,,,,
smc,reference,2,5,0.5,studentised,20260831,400.0,400,0.0,162.0,287.0,0.405,0.7175,16.03431859147532,,,,,,,,,,,,
smc,reference,2,5,0.5,bca,20260831,400.0,400,0.0,205.0,269.0,0.5125,0.6725,9.437857012459503,,,,,,,,,,,,
smc,reference,2,5,0.5,welch_t,20260831,400.0,400,0.0,194.0,279.0,0.485,0.6975,13.251059141447236,,,,,,,,,,,,
smc,reference,2,5,0.5,patient_cluster,20260831,400.0,302,98.0,145.0,238.0,0.48013245033112584,0.7880794701986755,12.367538001016705,,,,,,,,,,,,
smc,reference,2,5,0.5,pseudobulk_patient_t,20260831,400.0,302,98.0,12.0,297.0,0.039735099337748346,0.9834437086092715,82.36572414128865,,,,,,,,,,,,
smc,pooled,5,800,1.0,percentile,4,400.0,400,0.0,20.0,380.0,0.05,0.95,1.9365374999999996,,,,,,,,,,,,
smc,pooled,5,800,1.0,patient_cluster,4,400.0,400,0.0,1.0,399.0,0.0025,0.9975,5.562162999077067,,,,,,,,,,,,
smc,pooled,5,800,1.0,pseudobulk_patient_t,4,400.0,400,0.0,3.0,397.0,0.0075,0.9925,3.3135409111608025,,,,,,,,,,,,
smc,reference,2,100,1.0,percentile,20260831,400.0,400,0.0,29.0,371.0,0.0725,0.9275,7.4676374999999995,,,,,,,,,,,,
smc,reference,2,100,1.0,studentised,20260831,400.0,400,0.0,30.0,370.0,0.075,0.925,8.292456860630002,,,,,,,,,,,,
smc,reference,2,100,1.0,bca,20260831,400.0,400,0.0,31.0,369.0,0.0775,0.9225,7.769638651590501,,,,,,,,,,,,
smc,reference,2,100,1.0,welch_t,20260831,400.0,400,0.0,33.0,367.0,0.0825,0.9175,7.702075027592416,,,,,,,,,,,,
smc,reference,2,100,1.0,patient_cluster,20260831,400.0,400,0.0,38.0,362.0,0.095,0.905,13.919545721473598,,,,,,,,,,,,
smc,reference,2,100,1.0,pseudobulk_patient_t,20260831,400.0,400,0.0,14.0,386.0,0.035,0.965,34.82168351105684,,,,,,,,,,,,
smc,reference,2,5,1.0,percentile,20260831,400.0,400,0.0,156.0,244.0,0.39,0.61,13.078706249999998,,,,,,,,,,,,
smc,reference,2,5,1.0,studentised,20260831,400.0,400,0.0,119.0,281.0,0.2975,0.7025,35.7032454121191,,,,,,,,,,,,
smc,reference,2,5,1.0,bca,20260831,400.0,400,0.0,147.0,253.0,0.3675,0.6325,15.09605422357491,,,,,,,,,,,,
smc,reference,2,5,1.0,welch_t,20260831,400.0,400,0.0,140.0,260.0,0.35,0.65,21.377906976288568,,,,,,,,,,,,
smc,reference,2,5,1.0,patient_cluster,20260831,400.0,277,123.0,97.0,180.0,0.35018050541516244,0.6498194945848376,16.01861697183753,,,,,,,,,,,,
smc,reference,2,5,1.0,pseudobulk_patient_t,20260831,400.0,277,123.0,13.0,264.0,0.04693140794223827,0.9530685920577617,111.96378308777444,,,,,,,,,,,,
smc,reference,2,50,1.0,percentile,20260831,400.0,400,0.0,41.0,359.0,0.1025,0.8975,10.289056249999998,,,,,,,,,,,,
smc,reference,2,50,1.0,studentised,20260831,400.0,400,0.0,33.0,367.0,0.0825,0.9175,12.352236435308566,,,,,,,,,,,,
smc,reference,2,50,1.0,bca,20260831,400.0,400,0.0,38.0,362.0,0.095,0.905,11.087438394299681,,,,,,,,,,,,
smc,reference,2,50,1.0,welch_t,20260831,400.0,400,0.0,40.0,360.0,0.1,0.9,10.70531125175899,,,,,,,,,,,,
smc,reference,2,50,1.0,patient_cluster,20260831,400.0,397,3.0,52.0,345.0,0.1309823677581864,0.8690176322418136,16.547693390946407,,,,,,,,,,,,
smc,reference,2,50,1.0,pseudobulk_patient_t,20260831,400.0,397,3.0,9.0,388.0,0.022670025188916875,0.9773299748110831,54.07183890485323,,,,,,,,,,,,
smc,reference,2,50,0.5,percentile,20260831,400.0,400,0.0,316.0,374.0,0.79,0.935,5.8771249999999995,,,,,,,,,,,,
smc,reference,2,50,0.5,studentised,20260831,400.0,400,0.0,268.0,377.0,0.67,0.9425,6.45656905586666,,,,,,,,,,,,
smc,reference,2,50,0.5,bca,20260831,400.0,400,0.0,285.0,375.0,0.7125,0.9375,6.082940778473006,,,,,,,,,,,,
smc,reference,2,50,0.5,welch_t,20260831,400.0,400,0.0,321.0,375.0,0.8025,0.9375,5.992952195227233,,,,,,,,,,,,
smc,reference,2,50,0.5,patient_cluster,20260831,400.0,397,3.0,155.0,364.0,0.3904282115869018,0.9168765743073047,13.110286103542233,,,,,,,,,,,,
smc,reference,2,50,0.5,pseudobulk_patient_t,20260831,400.0,397,3.0,20.0,389.0,0.05037783375314862,0.9798488664987406,58.69530596317131,,,,,,,,,,,,
smc,pooled,5,800,0.5,percentile,4,400.0,400,0.0,317.0,398.0,0.7925,0.995,1.4561125000000001,,,,,,,,,,,,
smc,pooled,5,800,0.5,patient_cluster,4,400.0,400,0.0,21.0,400.0,0.0525,1.0,4.17926246490099,,,,,,,,,,,,
smc,pooled,5,800,0.5,pseudobulk_patient_t,4,400.0,400,0.0,32.0,397.0,0.08,0.9925,3.8287541167908987,,,,,,,,,,,,
smc,reference,5,5,0.5,percentile,20260831,400.0,400,0.0,210.0,296.0,0.525,0.74,11.019656250000002,,,,,,,,,,,,
smc,reference,5,5,0.5,patient_cluster,20260831,400.0,397,3.0,138.0,378.0,0.34760705289672544,0.9521410579345088,19.579645328685533,,,,,,,,,,,,
smc,reference,5,5,0.5,pseudobulk_patient_t,20260831,400.0,397,3.0,34.0,390.0,0.08564231738035265,0.982367758186398,37.41144360559307,,,,,,,,,,,,
smc,reference,5,5,1.0,percentile,20260831,400.0,400,0.0,119.0,281.0,0.2975,0.7025,20.422681249999997,,,,,,,,,,,,
smc,reference,5,5,1.0,patient_cluster,20260831,400.0,395,5.0,94.0,301.0,0.2379746835443038,0.7620253164556962,25.119154893801884,,,,,,,,,,,,
smc,reference,5,5,1.0,pseudobulk_patient_t,20260831,400.0,395,5.0,14.0,381.0,0.035443037974683546,0.9645569620253165,40.87068029258213,,,,,,,,,,,,
smc,reference,5,50,1.0,percentile,20260831,400.0,400,0.0,34.0,366.0,0.085,0.915,11.524656249999998,,,,,,,,,,,,
smc,reference,5,50,1.0,patient_cluster,20260831,400.0,400,0.0,5.0,395.0,0.0125,0.9875,24.329269476482516,,,,,,,,,,,,
smc,reference,5,50,1.0,pseudobulk_patient_t,20260831,400.0,400,0.0,12.0,388.0,0.03,0.97,16.668823258334562,,,,,,,,,,,,
smc,reference,2,100,0.5,percentile,20260831,400.0,400,0.0,348.0,383.0,0.87,0.9575,4.308299999999999,,,,,,,,,,,,
smc,reference,2,100,0.5,studentised,20260831,400.0,400,0.0,336.0,376.0,0.84,0.94,4.450183032817845,,,,,,,,,,,,
smc,reference,2,100,0.5,bca,20260831,400.0,400,0.0,339.0,379.0,0.8475,0.9475,4.341572440792136,,,,,,,,,,,,
smc,reference,2,100,0.5,welch_t,20260831,400.0,400,0.0,350.0,385.0,0.875,0.9625,4.368713160030229,,,,,,,,,,,,
smc,reference,2,100,0.5,patient_cluster,20260831,400.0,400,0.0,144.0,377.0,0.36,0.9425,10.883321136243355,,,,,,,,,,,,
smc,reference,2,100,0.5,pseudobulk_patient_t,20260831,400.0,400,0.0,36.0,395.0,0.09,0.9875,46.40540311268249,,,,,,,,,,,,
smc,reference,5,50,0.5,percentile,20260831,400.0,400,0.0,325.0,374.0,0.8125,0.935,6.3168437499999985,,,,,,,,,,,,
smc,reference,5,50,0.5,patient_cluster,20260831,400.0,400,0.0,60.0,400.0,0.15,1.0,18.550704756432673,,,,,,,,,,,,
smc,reference,5,50,0.5,pseudobulk_patient_t,20260831,400.0,400,0.0,79.0,397.0,0.1975,0.9925,15.312436645432449,,,,,,,,,,,,
smc,reference,5,100,1.0,percentile,20260831,400.0,400,0.0,30.0,370.0,0.075,0.925,8.149618749999998,,,,,,,,,,,,
smc,reference,5,100,1.0,patient_cluster,20260831,400.0,400,0.0,3.0,397.0,0.0075,0.9925,22.503975308196175,,,,,,,,,,,,
smc,reference,5,100,1.0,pseudobulk_patient_t,20260831,400.0,400,0.0,14.0,386.0,0.035,0.965,13.174575266239785,,,,,,,,,,,,
smc,reference,2,800,0.5,percentile,20260831,400.0,400,0.0,396.0,400.0,0.99,1.0,2.73896875,,,,,,,,,,,,
smc,reference,2,800,0.5,studentised,20260831,400.0,400,0.0,396.0,400.0,0.99,1.0,2.7679211804572943,,,,,,,,,,,,
smc,reference,2,800,0.5,bca,20260831,400.0,400,0.0,397.0,400.0,0.9925,1.0,2.7411229971523845,,,,,,,,,,,,
smc,reference,2,800,0.5,welch_t,20260831,400.0,400,0.0,396.0,400.0,0.99,1.0,2.757390790957496,,,,,,,,,,,,
smc,reference,2,800,0.5,patient_cluster,20260831,400.0,400,0.0,154.0,387.0,0.385,0.9675,9.439586904449172,,,,,,,,,,,,
smc,reference,2,800,0.5,pseudobulk_patient_t,20260831,400.0,400,0.0,28.0,396.0,0.07,0.99,42.30388724158123,,,,,,,,,,,,
smc,reference,5,100,0.5,percentile,20260831,400.0,400,0.0,373.0,389.0,0.9325,0.9725,5.070162499999999,,,,,,,,,,,,
smc,reference,5,100,0.5,patient_cluster,20260831,400.0,400,0.0,54.0,400.0,0.135,1.0,17.69765912496023,,,,,,,,,,,,
smc,reference,5,100,0.5,pseudobulk_patient_t,20260831,400.0,400,0.0,121.0,396.0,0.3025,0.99,12.850545026330735,,,,,,,,,,,,
smc,reference,2,800,1.0,percentile,20260831,400.0,400,0.0,28.0,372.0,0.07,0.93,3.601181249999999,,,,,,,,,,,,
smc,reference,2,800,1.0,studentised,20260831,400.0,400,0.0,28.0,372.0,0.07,0.93,3.6099512002722625,,,,,,,,,,,,
smc,reference,2,800,1.0,bca,20260831,400.0,400,0.0,29.0,371.0,0.0725,0.9275,3.5763623901606154,,,,,,,,,,,,
smc,reference,2,800,1.0,welch_t,20260831,400.0,400,0.0,27.0,373.0,0.0675,0.9325,3.657388879312268,,,,,,,,,,,,
smc,reference,2,800,1.0,patient_cluster,20260831,400.0,400,0.0,11.0,389.0,0.0275,0.9725,16.564580032517032,,,,,,,,,,,,
smc,reference,2,800,1.0,pseudobulk_patient_t,20260831,400.0,400,0.0,15.0,385.0,0.0375,0.9625,17.09377348510261,,,,,,,,,,,,
smc,reference,2,5,1.0,percentile,1,400.0,400,0.0,165.0,235.0,0.4125,0.5875,15.129193749999995,,,,,,,,,,,,
smc,reference,2,5,1.0,studentised,1,400.0,400,0.0,127.0,273.0,0.3175,0.6825,37.2940568810848,,,,,,,,,,,,
smc,reference,2,5,1.0,bca,1,400.0,400,0.0,157.0,243.0,0.3925,0.6075,16.498030683488285,,,,,,,,,,,,
smc,reference,2,5,1.0,welch_t,1,400.0,400,0.0,145.0,255.0,0.3625,0.6375,24.962805341198177,,,,,,,,,,,,
smc,reference,2,5,1.0,patient_cluster,1,400.0,288,112.0,112.0,176.0,0.3888888888888889,0.6111111111111112,18.058579902225716,,,,,,,,,,,,
smc,reference,2,5,1.0,pseudobulk_patient_t,1,400.0,288,112.0,6.0,282.0,0.020833333333333332,0.9791666666666666,132.87745514106334,,,,,,,,,,,,
smc,reference,5,800,0.5,percentile,20260831,400.0,400,0.0,400.0,397.0,1.0,0.9925,3.2262937500000004,,,,,,,,,,,,
smc,reference,5,800,0.5,patient_cluster,20260831,400.0,400,0.0,32.0,400.0,0.08,1.0,17.575513074194674,,,,,,,,,,,,
smc,reference,5,800,0.5,pseudobulk_patient_t,20260831,400.0,400,0.0,138.0,400.0,0.345,1.0,11.285333601646185,,,,,,,,,,,,
smc,reference,5,800,1.0,percentile,20260831,400.0,400,0.0,14.0,386.0,0.035,0.965,4.357906250000001,,,,,,,,,,,,
smc,reference,5,800,1.0,patient_cluster,20260831,400.0,400,0.0,0.0,400.0,0.0,1.0,23.16676510340244,,,,,,,,,,,,
smc,reference,5,800,1.0,pseudobulk_patient_t,20260831,400.0,400,0.0,5.0,395.0,0.0125,0.9875,6.532315064775845,,,,,,,,,,,,
smc,reference,2,50,1.0,percentile,1,400.0,400,0.0,27.0,373.0,0.0675,0.9325,10.054199999999998,,,,,,,,,,,,
smc,reference,2,50,1.0,studentised,1,400.0,400,0.0,21.0,379.0,0.0525,0.9475,12.298485768863568,,,,,,,,,,,,
smc,reference,2,50,1.0,bca,1,400.0,400,0.0,27.0,373.0,0.0675,0.9325,10.927658431983373,,,,,,,,,,,,
smc,reference,2,50,1.0,welch_t,1,400.0,400,0.0,28.0,372.0,0.07,0.93,10.387990611973862,,,,,,,,,,,,
smc,reference,2,50,1.0,patient_cluster,1,400.0,400,0.0,48.0,352.0,0.12,0.88,14.282838256853914,,,,,,,,,,,,
smc,reference,2,50,1.0,pseudobulk_patient_t,1,400.0,400,0.0,9.0,391.0,0.0225,0.9775,50.105322742749095,,,,,,,,,,,,
smc,reference,2,50,0.5,percentile,1,400.0,400,0.0,305.0,369.0,0.7625,0.9225,5.697931249999999,,,,,,,,,,,,
smc,reference,2,50,0.5,studentised,1,400.0,400,0.0,266.0,373.0,0.665,0.9325,6.106795616549209,,,,,,,,,,,,
smc,reference,2,50,0.5,bca,1,400.0,400,0.0,279.0,369.0,0.6975,0.9225,5.902126266529055,,,,,,,,,,,,
smc,reference,2,50,0.5,welch_t,1,400.0,400,0.0,313.0,372.0,0.7825,0.93,5.798715229658775,,,,,,,,,,,,
smc,reference,2,50,0.5,patient_cluster,1,400.0,400,0.0,162.0,365.0,0.405,0.9125,12.332523239968085,,,,,,,,,,,,
smc,reference,2,50,0.5,pseudobulk_patient_t,1,400.0,400,0.0,27.0,394.0,0.0675,0.985,55.854148926583974,,,,,,,,,,,,
smc,reference,2,5,0.5,percentile,1,400.0,400,0.0,227.0,257.0,0.5675,0.6425,8.970874999999998,,,,,,,,,,,,
smc,reference,2,5,0.5,studentised,1,400.0,400,0.0,167.0,283.0,0.4175,0.7075,17.125799331406803,,,,,,,,,,,,
smc,reference,2,5,0.5,bca,1,400.0,400,0.0,213.0,267.0,0.5325,0.6675,9.903096386627672,,,,,,,,,,,,
smc,reference,2,5,0.5,welch_t,1,400.0,400,0.0,205.0,279.0,0.5125,0.6975,13.9024528841617,,,,,,,,,,,,
smc,reference,2,5,0.5,patient_cluster,1,400.0,289,111.0,136.0,239.0,0.47058823529411764,0.8269896193771626,14.423413774296307,,,,,,,,,,,,
smc,reference,2,5,0.5,pseudobulk_patient_t,1,400.0,289,111.0,15.0,280.0,0.05190311418685121,0.9688581314878892,90.49502590498636,,,,,,,,,,,,
smc,reference,2,100,1.0,percentile,1,400.0,400,0.0,33.0,367.0,0.0825,0.9175,7.245843750000001,,,,,,,,,,,,
smc,reference,2,100,1.0,studentised,1,400.0,400,0.0,32.0,368.0,0.08,0.92,8.084030515424173,,,,,,,,,,,,
smc,reference,2,100,1.0,bca,1,400.0,400,0.0,33.0,367.0,0.0825,0.9175,7.535257272531579,,,,,,,,,,,,
smc,reference,2,100,1.0,welch_t,1,400.0,400,0.0,31.0,369.0,0.0775,0.9225,7.408255829769143,,,,,,,,,,,,
smc,reference,2,100,1.0,patient_cluster,1,400.0,400,0.0,34.0,366.0,0.085,0.915,14.767168174670882,,,,,,,,,,,,
smc,reference,2,100,1.0,pseudobulk_patient_t,1,400.0,400,0.0,8.0,392.0,0.02,0.98,39.02756622617757,,,,,,,,,,,,
smc,reference,5,5,0.5,percentile,1,400.0,400,0.0,208.0,275.0,0.52,0.6875,11.28846875,,,,,,,,,,,,
smc,reference,5,5,0.5,patient_cluster,1,400.0,398,2.0,147.0,368.0,0.3693467336683417,0.9246231155778895,19.7258293153005,,,,,,,,,,,,
smc,reference,5,5,0.5,pseudobulk_patient_t,1,400.0,398,2.0,46.0,386.0,0.11557788944723618,0.9698492462311558,32.741597585639795,,,,,,,,,,,,
smc,reference,2,100,0.5,percentile,1,400.0,400,0.0,346.0,385.0,0.865,0.9625,4.06126875,,,,,,,,,,,,
smc,reference,2,100,0.5,studentised,1,400.0,400,0.0,339.0,382.0,0.8475,0.955,4.156216395277926,,,,,,,,,,,,
smc,reference,2,100,0.5,bca,1,400.0,400,0.0,340.0,383.0,0.85,0.9575,4.116002701213323,,,,,,,,,,,,
smc,reference,2,100,0.5,welch_t,1,400.0,400,0.0,351.0,388.0,0.8775,0.97,4.079675047508546,,,,,,,,,,,,
smc,reference,2,100,0.5,patient_cluster,1,400.0,400,0.0,145.0,383.0,0.3625,0.9575,10.795753455087883,,,,,,,,,,,,
smc,reference,2,100,0.5,pseudobulk_patient_t,1,400.0,400,0.0,26.0,396.0,0.065,0.99,46.32836429457521,,,,,,,,,,,,
smc,reference,5,50,1.0,percentile,1,400.0,400,0.0,29.0,371.0,0.0725,0.9275,11.285568749999996,,,,,,,,,,,,
smc,reference,5,50,1.0,patient_cluster,1,400.0,400,0.0,4.0,396.0,0.01,0.99,23.953017426513508,,,,,,,,,,,,
smc,reference,5,50,1.0,pseudobulk_patient_t,1,400.0,400,0.0,9.0,391.0,0.0225,0.9775,15.754789641885862,,,,,,,,,,,,
smc,reference,5,5,1.0,percentile,1,400.0,400,0.0,137.0,263.0,0.3425,0.6575,20.161356249999994,,,,,,,,,,,,
smc,reference,5,5,1.0,patient_cluster,1,400.0,398,2.0,103.0,295.0,0.25879396984924624,0.7412060301507538,24.686828579966843,,,,,,,,,,,,
smc,reference,5,5,1.0,pseudobulk_patient_t,1,400.0,398,2.0,17.0,381.0,0.04271356783919598,0.957286432160804,50.10771858922314,,,,,,,,,,,,
smc,reference,5,50,0.5,percentile,1,400.0,400,0.0,319.0,384.0,0.7975,0.96,6.331531249999999,,,,,,,,,,,,
smc,reference,5,50,0.5,patient_cluster,1,400.0,400,0.0,61.0,400.0,0.1525,1.0,18.20163813495573,,,,,,,,,,,,
smc,reference,5,50,0.5,pseudobulk_patient_t,1,400.0,400,0.0,92.0,395.0,0.23,0.9875,14.213096841003757,,,,,,,,,,,,
smc,reference,2,800,0.5,percentile,1,400.0,400,0.0,399.0,399.0,0.9975,0.9975,2.9465312500000005,,,,,,,,,,,,
smc,reference,2,800,0.5,studentised,1,400.0,400,0.0,400.0,400.0,1.0,1.0,2.962058696873912,,,,,,,,,,,,
smc,reference,2,800,0.5,bca,1,400.0,400,0.0,400.0,399.0,1.0,0.9975,2.9400666850724635,,,,,,,,,,,,
smc,reference,2,800,0.5,welch_t,1,400.0,400,0.0,398.0,399.0,0.995,0.9975,2.9700751313360714,,,,,,,,,,,,
smc,reference,2,800,0.5,patient_cluster,1,400.0,400,0.0,140.0,390.0,0.35,0.975,11.44389572858865,,,,,,,,,,,,
smc,reference,2,800,0.5,pseudobulk_patient_t,1,400.0,400,0.0,26.0,397.0,0.065,0.9925,52.22463067373965,,,,,,,,,,,,
smc,reference,2,800,1.0,percentile,1,400.0,400,0.0,11.0,389.0,0.0275,0.9725,3.770137499999999,,,,,,,,,,,,
smc,reference,2,800,1.0,studentised,1,400.0,400,0.0,14.0,386.0,0.035,0.965,3.786702768823637,,,,,,,,,,,,
smc,reference,2,800,1.0,bca,1,400.0,400,0.0,14.0,386.0,0.035,0.965,3.7733963328176143,,,,,,,,,,,,
smc,reference,2,800,1.0,welch_t,1,400.0,400,0.0,10.0,390.0,0.025,0.975,3.779777418770463,,,,,,,,,,,,
smc,reference,2,800,1.0,patient_cluster,1,400.0,400,0.0,23.0,377.0,0.0575,0.9425,14.208643392549542,,,,,,,,,,,,
smc,reference,2,800,1.0,pseudobulk_patient_t,1,400.0,400,0.0,17.0,383.0,0.0425,0.9575,17.177736962510092,,,,,,,,,,,,
smc,reference,5,100,0.5,percentile,1,400.0,400,0.0,360.0,386.0,0.9,0.965,5.0487312499999994,,,,,,,,,,,,
smc,reference,5,100,0.5,patient_cluster,1,400.0,400,0.0,47.0,400.0,0.1175,1.0,17.4029025061594,,,,,,,,,,,,
smc,reference,5,100,0.5,pseudobulk_patient_t,1,400.0,400,0.0,97.0,398.0,0.2425,0.995,13.433405415016287,,,,,,,,,,,,
smc,reference,5,100,1.0,percentile,1,400.0,400,0.0,35.0,365.0,0.0875,0.9125,8.543431249999998,,,,,,,,,,,,
smc,reference,5,100,1.0,patient_cluster,1,400.0,400,0.0,2.0,398.0,0.005,0.995,23.68456638305237,,,,,,,,,,,,
smc,reference,5,100,1.0,pseudobulk_patient_t,1,400.0,400,0.0,9.0,391.0,0.0225,0.9775,13.412114591369019,,,,,,,,,,,,
smc,reference,2,5,0.5,percentile,2,400.0,400,0.0,236.0,251.0,0.59,0.6275,8.214056250000002,,,,,,,,,,,,
smc,reference,2,5,0.5,studentised,2,400.0,400,0.0,174.0,278.0,0.435,0.695,16.177676368244477,,,,,,,,,,,,
smc,reference,2,5,0.5,bca,2,400.0,400,0.0,218.0,259.0,0.545,0.6475,9.355050499850872,,,,,,,,,,,,
smc,reference,2,5,0.5,welch_t,2,400.0,400,0.0,208.0,269.0,0.52,0.6725,12.861739212765992,,,,,,,,,,,,
smc,reference,2,5,0.5,patient_cluster,2,400.0,278,122.0,127.0,222.0,0.4568345323741007,0.7985611510791367,12.332748327678635,,,,,,,,,,,,
smc,reference,2,5,0.5,pseudobulk_patient_t,2,400.0,278,122.0,18.0,269.0,0.06474820143884892,0.9676258992805755,86.31063173420173,,,,,,,,,,,,
smc,reference,2,5,1.0,percentile,2,400.0,400,0.0,131.0,269.0,0.3275,0.6725,17.78161875,,,,,,,,,,,,
smc,reference,2,5,1.0,studentised,2,400.0,400,0.0,99.0,301.0,0.2475,0.7525,52.2434494359567,,,,,,,,,,,,
smc,reference,2,5,1.0,bca,2,400.0,400,0.0,119.0,281.0,0.2975,0.7025,20.15334825182733,,,,,,,,,,,,
smc,reference,2,5,1.0,welch_t,2,400.0,400,0.0,113.0,287.0,0.2825,0.7175,28.979286923506752,,,,,,,,,,,,
smc,reference,2,5,1.0,patient_cluster,2,400.0,267,133.0,95.0,172.0,0.35580524344569286,0.6441947565543071,16.928350678019555,,,,,,,,,,,,
smc,reference,2,5,1.0,pseudobulk_patient_t,2,400.0,267,133.0,11.0,256.0,0.04119850187265917,0.9588014981273408,116.74279455810239,,,,,,,,,,,,
smc,reference,5,800,0.5,percentile,1,400.0,400,0.0,400.0,399.0,1.0,0.9975,3.474706249999998,,,,,,,,,,,,
smc,reference,5,800,0.5,patient_cluster,1,400.0,400,0.0,47.0,400.0,0.1175,1.0,17.950375291604516,,,,,,,,,,,,
smc,reference,5,800,0.5,pseudobulk_patient_t,1,400.0,400,0.0,147.0,399.0,0.3675,0.9975,11.72587561057658,,,,,,,,,,,,
smc,reference,5,800,1.0,percentile,1,400.0,400,0.0,24.0,376.0,0.06,0.94,4.23335625,,,,,,,,,,,,
smc,reference,5,800,1.0,patient_cluster,1,400.0,400,0.0,0.0,400.0,0.0,1.0,22.252444565813423,,,,,,,,,,,,
smc,reference,5,800,1.0,pseudobulk_patient_t,1,400.0,400,0.0,6.0,394.0,0.015,0.985,6.4559529183589275,,,,,,,,,,,,
smc,reference,2,50,0.5,percentile,2,400.0,400,0.0,299.0,376.0,0.7475,0.94,5.444612499999998,,,,,,,,,,,,
smc,reference,2,50,0.5,studentised,2,400.0,400,0.0,264.0,376.0,0.66,0.94,5.93012586154566,,,,,,,,,,,,
smc,reference,2,50,0.5,bca,2,400.0,400,0.0,273.0,375.0,0.6825,0.9375,5.7083513358533455,,,,,,,,,,,,
smc,reference,2,50,0.5,welch_t,2,400.0,400,0.0,303.0,378.0,0.7575,0.945,5.5465642727596665,,,,,,,,,,,,
smc,reference,2,50,0.5,patient_cluster,2,400.0,395,5.0,167.0,363.0,0.42278481012658226,0.9189873417721519,11.222409840648588,,,,,,,,,,,,
smc,reference,2,50,0.5,pseudobulk_patient_t,2,400.0,395,5.0,35.0,384.0,0.08860759493670886,0.9721518987341772,55.065203349925916,,,,,,,,,,,,
smc,reference,2,100,1.0,percentile,2,400.0,400,0.0,25.0,375.0,0.0625,0.9375,7.186931249999997,,,,,,,,,,,,
smc,reference,2,100,1.0,studentised,2,400.0,400,0.0,18.0,382.0,0.045,0.955,8.26217796075107,,,,,,,,,,,,
smc,reference,2,100,1.0,bca,2,400.0,400,0.0,21.0,379.0,0.0525,0.9475,7.475300048449041,,,,,,,,,,,,
smc,reference,2,100,1.0,welch_t,2,400.0,400,0.0,24.0,376.0,0.06,0.94,7.307021915211238,,,,,,,,,,,,
smc,reference,2,100,1.0,patient_cluster,2,400.0,400,0.0,32.0,368.0,0.08,0.92,13.595016415619227,,,,,,,,,,,,
smc,reference,2,100,1.0,pseudobulk_patient_t,2,400.0,400,0.0,12.0,388.0,0.03,0.97,34.26484874074015,,,,,,,,,,,,
smc,reference,2,50,1.0,percentile,2,400.0,400,0.0,34.0,366.0,0.085,0.915,9.548487499999993,,,,,,,,,,,,
smc,reference,2,50,1.0,studentised,2,400.0,400,0.0,21.0,379.0,0.0525,0.9475,11.767088980568907,,,,,,,,,,,,
smc,reference,2,50,1.0,bca,2,400.0,400,0.0,28.0,372.0,0.07,0.93,10.476762393761941,,,,,,,,,,,,
smc,reference,2,50,1.0,welch_t,2,400.0,400,0.0,35.0,365.0,0.0875,0.9125,10.048280234181062,,,,,,,,,,,,
smc,reference,2,50,1.0,patient_cluster,2,400.0,396,4.0,46.0,350.0,0.11616161616161616,0.8838383838383839,13.642552879121181,,,,,,,,,,,,
smc,reference,2,50,1.0,pseudobulk_patient_t,2,400.0,396,4.0,15.0,381.0,0.03787878787878788,0.9621212121212122,46.66742150993636,,,,,,,,,,,,
smc,reference,2,100,0.5,percentile,2,400.0,400,0.0,335.0,385.0,0.8375,0.9625,4.292381249999998,,,,,,,,,,,,
smc,reference,2,100,0.5,studentised,2,400.0,400,0.0,322.0,385.0,0.805,0.9625,4.4548626505168265,,,,,,,,,,,,
smc,reference,2,100,0.5,bca,2,400.0,400,0.0,325.0,385.0,0.8125,0.9625,4.344898472976374,,,,,,,,,,,,
smc,reference,2,100,0.5,welch_t,2,400.0,400,0.0,338.0,388.0,0.845,0.97,4.340178194742251,,,,,,,,,,,,
smc,reference,2,100,0.5,patient_cluster,2,400.0,400,0.0,140.0,378.0,0.35,0.945,10.197135278732805,,,,,,,,,,,,
smc,reference,2,100,0.5,pseudobulk_patient_t,2,400.0,400,0.0,27.0,394.0,0.0675,0.985,47.68251861232551,,,,,,,,,,,,
smc,reference,5,5,1.0,percentile,2,400.0,400,0.0,123.0,277.0,0.3075,0.6925,19.745368749999997,,,,,,,,,,,,
smc,reference,5,5,1.0,patient_cluster,2,400.0,396,4.0,95.0,301.0,0.2398989898989899,0.76010101010101,24.899923686363458,,,,,,,,,,,,
smc,reference,5,5,1.0,pseudobulk_patient_t,2,400.0,396,4.0,17.0,379.0,0.04292929292929293,0.9570707070707071,54.30099297997097,,,,,,,,,,,,
smc,reference,5,5,0.5,percentile,2,400.0,400,0.0,219.0,272.0,0.5475,0.68,10.068749999999998,,,,,,,,,,,,
smc,reference,5,5,0.5,patient_cluster,2,400.0,398,2.0,152.0,365.0,0.38190954773869346,0.9170854271356784,19.057936206421495,,,,,,,,,,,,
smc,reference,5,5,0.5,pseudobulk_patient_t,2,400.0,398,2.0,37.0,388.0,0.09296482412060302,0.9748743718592965,35.266489773387164,,,,,,,,,,,,
smc,reference,5,50,1.0,percentile,2,400.0,400,0.0,35.0,365.0,0.0875,0.9125,10.879781249999997,,,,,,,,,,,,
smc,reference,5,50,1.0,patient_cluster,2,400.0,400,0.0,12.0,388.0,0.03,0.97,23.513369795640145,,,,,,,,,,,,
smc,reference,5,50,1.0,pseudobulk_patient_t,2,400.0,400,0.0,13.0,387.0,0.0325,0.9675,15.652573338912331,,,,,,,,,,,,
smc,reference,5,50,0.5,percentile,2,400.0,400,0.0,317.0,370.0,0.7925,0.925,6.2556062500000005,,,,,,,,,,,,
smc,reference,5,50,0.5,patient_cluster,2,400.0,400,0.0,50.0,399.0,0.125,0.9975,18.360857858270116,,,,,,,,,,,,
smc,reference,5,50,0.5,pseudobulk_patient_t,2,400.0,400,0.0,102.0,394.0,0.255,0.985,14.517184117120806,,,,,,,,,,,,
smc,reference,5,100,1.0,percentile,2,400.0,400,0.0,40.0,360.0,0.1,0.9,8.332275,,,,,,,,,,,,
smc,reference,5,100,1.0,patient_cluster,2,400.0,400,0.0,2.0,398.0,0.005,0.995,23.820838544748483,,,,,,,,,,,,
smc,reference,5,100,1.0,pseudobulk_patient_t,2,400.0,400,0.0,11.0,389.0,0.0275,0.9725,13.16813042222982,,,,,,,,,,,,
smc,reference,2,800,1.0,percentile,2,400.0,400,0.0,22.0,378.0,0.055,0.945,3.458824999999999,,,,,,,,,,,,
smc,reference,2,800,1.0,studentised,2,400.0,400,0.0,22.0,378.0,0.055,0.945,3.450170400571655,,,,,,,,,,,,
smc,reference,2,800,1.0,bca,2,400.0,400,0.0,21.0,379.0,0.0525,0.9475,3.455970151660847,,,,,,,,,,,,
smc,reference,2,800,1.0,welch_t,2,400.0,400,0.0,22.0,378.0,0.055,0.945,3.4728482074660767,,,,,,,,,,,,
smc,reference,2,800,1.0,patient_cluster,2,400.0,400,0.0,15.0,385.0,0.0375,0.9625,13.300713502301011,,,,,,,,,,,,
smc,reference,2,800,1.0,pseudobulk_patient_t,2,400.0,400,0.0,10.0,390.0,0.025,0.975,15.467297591924343,,,,,,,,,,,,
smc,reference,5,100,0.5,percentile,2,400.0,400,0.0,361.0,387.0,0.9025,0.9675,5.15209375,,,,,,,,,,,,
smc,reference,5,100,0.5,patient_cluster,2,400.0,400,0.0,42.0,399.0,0.105,0.9975,18.11619830713528,,,,,,,,,,,,
smc,reference,5,100,0.5,pseudobulk_patient_t,2,400.0,400,0.0,109.0,393.0,0.2725,0.9825,13.420261571783985,,,,,,,,,,,,
smc,reference,2,800,0.5,percentile,2,400.0,400,0.0,398.0,399.0,0.995,0.9975,2.7905999999999986,,,,,,,,,,,,
smc,reference,2,800,0.5,studentised,2,400.0,400,0.0,398.0,398.0,0.995,0.995,2.820849119830055,,,,,,,,,,,,
smc,reference,2,800,0.5,bca,2,400.0,400,0.0,399.0,398.0,0.9975,0.995,2.8151393411064904,,,,,,,,,,,,
smc,reference,2,800,0.5,welch_t,2,400.0,400,0.0,398.0,399.0,0.995,0.9975,2.8132314449148197,,,,,,,,,,,,
smc,reference,2,800,0.5,patient_cluster,2,400.0,400,0.0,153.0,389.0,0.3825,0.9725,9.856446295035067,,,,,,,,,,,,
smc,reference,2,800,0.5,pseudobulk_patient_t,2,400.0,400,0.0,40.0,399.0,0.1,0.9975,40.208198793134805,,,,,,,,,,,,
smc,reference,2,5,1.0,percentile,3,400.0,400,0.0,136.0,264.0,0.34,0.66,16.773918749999996,,,,,,,,,,,,
smc,reference,2,5,1.0,studentised,3,400.0,400,0.0,101.0,299.0,0.2525,0.7475,51.829430373722786,,,,,,,,,,,,
smc,reference,2,5,1.0,bca,3,400.0,400,0.0,130.0,270.0,0.325,0.675,19.848711119517784,,,,,,,,,,,,
smc,reference,2,5,1.0,welch_t,3,400.0,400,0.0,118.0,282.0,0.295,0.705,28.459997476395245,,,,,,,,,,,,
smc,reference,2,5,1.0,patient_cluster,3,400.0,283,117.0,97.0,186.0,0.34275618374558303,0.657243816254417,16.275264650303246,,,,,,,,,,,,
smc,reference,2,5,1.0,pseudobulk_patient_t,3,400.0,283,117.0,9.0,274.0,0.03180212014134275,0.9681978798586572,114.65067910988668,,,,,,,,,,,,
smc,reference,2,5,0.5,percentile,3,400.0,400,0.0,217.0,271.0,0.5425,0.6775,9.345381249999999,,,,,,,,,,,,
smc,reference,2,5,0.5,studentised,3,400.0,400,0.0,153.0,291.0,0.3825,0.7275,19.226437867125647,,,,,,,,,,,,
smc,reference,2,5,0.5,bca,3,400.0,400,0.0,196.0,278.0,0.49,0.695,10.544910740600105,,,,,,,,,,,,
smc,reference,2,5,0.5,welch_t,3,400.0,400,0.0,189.0,285.0,0.4725,0.7125,14.60792386325683,,,,,,,,,,,,
smc,reference,2,5,0.5,patient_cluster,3,400.0,284,116.0,127.0,222.0,0.4471830985915493,0.7816901408450704,13.119963469641538,,,,,,,,,,,,
smc,reference,2,5,0.5,pseudobulk_patient_t,3,400.0,284,116.0,19.0,277.0,0.06690140845070422,0.9753521126760564,79.51682791544454,,,,,,,,,,,,
smc,reference,2,50,1.0,percentile,3,400.0,400,0.0,39.0,361.0,0.0975,0.9025,9.414256249999996,,,,,,,,,,,,
smc,reference,2,50,1.0,studentised,3,400.0,400,0.0,30.0,370.0,0.075,0.925,11.176819979415807,,,,,,,,,,,,
smc,reference,2,50,1.0,bca,3,400.0,400,0.0,37.0,363.0,0.0925,0.9075,10.112008938876423,,,,,,,,,,,,
smc,reference,2,50,1.0,welch_t,3,400.0,400,0.0,39.0,361.0,0.0975,0.9025,9.832143021594593,,,,,,,,,,,,
smc,reference,2,50,1.0,patient_cluster,3,400.0,397,3.0,44.0,353.0,0.11083123425692695,0.889168765743073,15.769869692152668,,,,,,,,,,,,
smc,reference,2,50,1.0,pseudobulk_patient_t,3,400.0,397,3.0,16.0,381.0,0.04030226700251889,0.9596977329974811,54.08143888544632,,,,,,,,,,,,
smc,reference,5,800,0.5,percentile,2,400.0,400,0.0,400.0,400.0,1.0,1.0,3.2949,,,,,,,,,,,,
smc,reference,5,800,0.5,patient_cluster,2,400.0,400,0.0,32.0,400.0,0.08,1.0,17.743048502195897,,,,,,,,,,,,
smc,reference,5,800,0.5,pseudobulk_patient_t,2,400.0,400,0.0,119.0,400.0,0.2975,1.0,11.614659045697893,,,,,,,,,,,,
smc,reference,5,800,1.0,percentile,2,400.0,400,0.0,15.0,385.0,0.0375,0.9625,3.96166875,,,,,,,,,,,,
smc,reference,5,800,1.0,patient_cluster,2,400.0,400,0.0,0.0,400.0,0.0,1.0,21.876429501925443,,,,,,,,,,,,
smc,reference,5,800,1.0,pseudobulk_patient_t,2,400.0,400,0.0,10.0,390.0,0.025,0.975,6.260113543179518,,,,,,,,,,,,
smc,reference,2,50,0.5,percentile,3,400.0,400,0.0,305.0,377.0,0.7625,0.9425,5.376406249999999,,,,,,,,,,,,
smc,reference,2,50,0.5,studentised,3,400.0,400,0.0,268.0,380.0,0.67,0.95,6.010084705787387,,,,,,,,,,,,
smc,reference,2,50,0.5,bca,3,400.0,400,0.0,280.0,380.0,0.7,0.95,5.76953528041888,,,,,,,,,,,,
smc,reference,2,50,0.5,welch_t,3,400.0,400,0.0,308.0,380.0,0.77,0.95,5.612929978407493,,,,,,,,,,,,
smc,reference,2,50,0.5,patient_cluster,3,400.0,398,2.0,151.0,376.0,0.3793969849246231,0.9447236180904522,11.559965664833083,,,,,,,,,,,,
smc,reference,2,50,0.5,pseudobulk_patient_t,3,400.0,398,2.0,26.0,391.0,0.06532663316582915,0.9824120603015075,57.13912223293339,,,,,,,,,,,,
smc,reference,2,100,1.0,percentile,3,400.0,400,0.0,21.0,379.0,0.0525,0.9475,7.553218749999998,,,,,,,,,,,,
smc,reference,2,100,1.0,studentised,3,400.0,400,0.0,18.0,382.0,0.045,0.955,8.48187486088347,,,,,,,,,,,,
smc,reference,2,100,1.0,bca,3,400.0,400,0.0,20.0,380.0,0.05,0.95,7.8486099885074445,,,,,,,,,,,,
smc,reference,2,100,1.0,welch_t,3,400.0,400,0.0,21.0,379.0,0.0525,0.9475,7.575730492375571,,,,,,,,,,,,
smc,reference,2,100,1.0,patient_cluster,3,400.0,399,1.0,36.0,363.0,0.09022556390977443,0.9097744360902256,15.3033331476279,,,,,,,,,,,,
smc,reference,2,100,1.0,pseudobulk_patient_t,3,400.0,399,1.0,10.0,389.0,0.02506265664160401,0.974937343358396,30.523582314331144,,,,,,,,,,,,
smc,reference,2,100,0.5,percentile,3,400.0,400,0.0,356.0,384.0,0.89,0.96,4.213431249999999,,,,,,,,,,,,
smc,reference,2,100,0.5,studentised,3,400.0,400,0.0,339.0,384.0,0.8475,0.96,4.365731059226391,,,,,,,,,,,,
smc,reference,2,100,0.5,bca,3,400.0,400,0.0,340.0,384.0,0.85,0.96,4.284239955702789,,,,,,,,,,,,
smc,reference,2,100,0.5,welch_t,3,400.0,400,0.0,360.0,385.0,0.9,0.9625,4.284274323326309,,,,,,,,,,,,
smc,reference,2,100,0.5,patient_cluster,3,400.0,400,0.0,135.0,373.0,0.3375,0.9325,11.661254789504477,,,,,,,,,,,,
smc,reference,2,100,0.5,pseudobulk_patient_t,3,400.0,400,0.0,24.0,398.0,0.06,0.995,52.953110137874134,,,,,,,,,,,,
smc,reference,5,5,1.0,percentile,3,400.0,400,0.0,128.0,272.0,0.32,0.68,18.55254374999999,,,,,,,,,,,,
smc,reference,5,5,1.0,patient_cluster,3,400.0,398,2.0,103.0,295.0,0.25879396984924624,0.7412060301507538,23.46722421013265,,,,,,,,,,,,
smc,reference,5,5,1.0,pseudobulk_patient_t,3,400.0,398,2.0,22.0,376.0,0.05527638190954774,0.9447236180904522,45.23293129799404,,,,,,,,,,,,
smc,reference,5,50,1.0,percentile,3,400.0,400,0.0,27.0,373.0,0.0675,0.9325,11.177006249999998,,,,,,,,,,,,
smc,reference,5,50,1.0,patient_cluster,3,400.0,400,0.0,5.0,395.0,0.0125,0.9875,24.578846881202665,,,,,,,,,,,,
smc,reference,5,50,1.0,pseudobulk_patient_t,3,400.0,400,0.0,6.0,394.0,0.015,0.985,16.92858843565758,,,,,,,,,,,,
smc,reference,5,5,0.5,percentile,3,400.0,400,0.0,216.0,275.0,0.54,0.6875,10.12229375,,,,,,,,,,,,
smc,reference,5,5,0.5,patient_cluster,3,400.0,394,6.0,158.0,378.0,0.4010152284263959,0.9593908629441624,19.33841766301329,,,,,,,,,,,,
smc,reference,5,5,0.5,pseudobulk_patient_t,3,400.0,394,6.0,36.0,381.0,0.09137055837563451,0.9670050761421319,34.82113443592792,,,,,,,,,,,,
smc,reference,5,50,0.5,percentile,3,400.0,400,0.0,316.0,379.0,0.79,0.9475,6.131862499999999,,,,,,,,,,,,
smc,reference,5,50,0.5,patient_cluster,3,400.0,400,0.0,55.0,400.0,0.1375,1.0,17.906026085900486,,,,,,,,,,,,
smc,reference,5,50,0.5,pseudobulk_patient_t,3,400.0,400,0.0,104.0,394.0,0.26,0.985,13.4167956561798,,,,,,,,,,,,
smc,reference,5,100,1.0,percentile,3,400.0,400,0.0,25.0,375.0,0.0625,0.9375,8.584425,,,,,,,,,,,,
smc,reference,5,100,1.0,patient_cluster,3,400.0,400,0.0,1.0,399.0,0.0025,0.9975,23.36252502248106,,,,,,,,,,,,
smc,reference,5,100,1.0,pseudobulk_patient_t,3,400.0,400,0.0,8.0,392.0,0.02,0.98,13.650626528064745,,,,,,,,,,,,
smc,reference,5,100,0.5,percentile,3,400.0,400,0.0,365.0,380.0,0.9125,0.95,4.964424999999998,,,,,,,,,,,,
smc,reference,5,100,0.5,patient_cluster,3,400.0,400,0.0,49.0,400.0,0.1225,1.0,17.611152979016836,,,,,,,,,,,,
smc,reference,5,100,0.5,pseudobulk_patient_t,3,400.0,400,0.0,94.0,397.0,0.235,0.9925,13.77133498700179,,,,,,,,,,,,
smc,reference,2,800,1.0,percentile,3,400.0,400,0.0,25.0,375.0,0.0625,0.9375,3.644631249999997,,,,,,,,,,,,
smc,reference,2,800,1.0,studentised,3,400.0,400,0.0,27.0,373.0,0.0675,0.9325,3.641325037734456,,,,,,,,,,,,
smc,reference,2,800,1.0,bca,3,400.0,400,0.0,25.0,375.0,0.0625,0.9375,3.615519454277151,,,,,,,,,,,,
smc,reference,2,800,1.0,welch_t,3,400.0,400,0.0,23.0,377.0,0.0575,0.9425,3.704875475878701,,,,,,,,,,,,
smc,reference,2,800,1.0,patient_cluster,3,400.0,400,0.0,11.0,389.0,0.0275,0.9725,14.587482527484934,,,,,,,,,,,,
smc,reference,2,800,1.0,pseudobulk_patient_t,3,400.0,400,0.0,13.0,387.0,0.0325,0.9675,18.3387259764538,,,,,,,,,,,,
smc,reference,2,800,0.5,percentile,3,400.0,400,0.0,398.0,399.0,0.995,0.9975,2.870825,,,,,,,,,,,,
smc,reference,2,800,0.5,studentised,3,400.0,400,0.0,399.0,399.0,0.9975,0.9975,2.879483429229751,,,,,,,,,,,,
smc,reference,2,800,0.5,bca,3,400.0,400,0.0,399.0,399.0,0.9975,0.9975,2.874286202974197,,,,,,,,,,,,
smc,reference,2,800,0.5,welch_t,3,400.0,400,0.0,398.0,399.0,0.995,0.9975,2.9010678375626595,,,,,,,,,,,,
smc,reference,2,800,0.5,patient_cluster,3,400.0,400,0.0,124.0,392.0,0.31,0.98,13.245656217790948,,,,,,,,,,,,
smc,reference,2,800,0.5,pseudobulk_patient_t,3,400.0,400,0.0,25.0,398.0,0.0625,0.995,52.2124936904833,,,,,,,,,,,,
smc,reference,2,5,1.0,percentile,4,400.0,400,0.0,155.0,245.0,0.3875,0.6125,14.677462499999981,,,,,,,,,,,,
smc,reference,2,5,1.0,studentised,4,400.0,400,0.0,109.0,291.0,0.2725,0.7275,38.07703761475706,,,,,,,,,,,,
smc,reference,2,5,1.0,bca,4,400.0,400,0.0,142.0,258.0,0.355,0.645,17.227152575643963,,,,,,,,,,,,
smc,reference,2,5,1.0,welch_t,4,400.0,400,0.0,131.0,269.0,0.3275,0.6725,25.02432509415203,,,,,,,,,,,,
smc,reference,2,5,1.0,patient_cluster,4,400.0,306,94.0,110.0,196.0,0.35947712418300654,0.6405228758169934,16.602008643143215,,,,,,,,,,,,
smc,reference,2,5,1.0,pseudobulk_patient_t,4,400.0,306,94.0,11.0,295.0,0.03594771241830065,0.9640522875816994,126.999842137192,,,,,,,,,,,,
smc,reference,2,5,0.5,percentile,4,400.0,400,0.0,225.0,261.0,0.5625,0.6525,8.506531249999998,,,,,,,,,,,,
smc,reference,2,5,0.5,studentised,4,400.0,400,0.0,172.0,293.0,0.43,0.7325,15.754343343848493,,,,,,,,,,,,
smc,reference,2,5,0.5,bca,4,400.0,400,0.0,203.0,274.0,0.5075,0.685,9.102652788382638,,,,,,,,,,,,
smc,reference,2,5,0.5,welch_t,4,400.0,400,0.0,194.0,283.0,0.485,0.7075,12.919310338213815,,,,,,,,,,,,
smc,reference,2,5,0.5,patient_cluster,4,400.0,292,108.0,147.0,229.0,0.5034246575342466,0.7842465753424658,13.483493259785762,,,,,,,,,,,,
smc,reference,2,5,0.5,pseudobulk_patient_t,4,400.0,292,108.0,20.0,283.0,0.0684931506849315,0.9691780821917808,79.41120010374857,,,,,,,,,,,,
smc,reference,5,800,0.5,percentile,3,400.0,400,0.0,400.0,400.0,1.0,1.0,3.3358874999999992,,,,,,,,,,,,
smc,reference,5,800,0.5,patient_cluster,3,400.0,400,0.0,30.0,400.0,0.075,1.0,18.191511477035007,,,,,,,,,,,,
smc,reference,5,800,0.5,pseudobulk_patient_t,3,400.0,400,0.0,135.0,400.0,0.3375,1.0,11.529701831405102,,,,,,,,,,,,
smc,reference,2,50,1.0,percentile,4,400.0,400,0.0,37.0,363.0,0.0925,0.9075,9.6967875,,,,,,,,,,,,
smc,reference,2,50,1.0,studentised,4,400.0,400,0.0,33.0,367.0,0.0825,0.9175,11.67683518561596,,,,,,,,,,,,
smc,reference,2,50,1.0,bca,4,400.0,400,0.0,36.0,364.0,0.09,0.91,10.320333175558794,,,,,,,,,,,,
smc,reference,2,50,1.0,welch_t,4,400.0,400,0.0,39.0,361.0,0.0975,0.9025,10.091618455044976,,,,,,,,,,,,
smc,reference,2,50,1.0,patient_cluster,4,400.0,395,5.0,47.0,348.0,0.1189873417721519,0.8810126582278481,15.741632709305302,,,,,,,,,,,,
smc,reference,2,50,1.0,pseudobulk_patient_t,4,400.0,395,5.0,6.0,389.0,0.015189873417721518,0.9848101265822785,49.48833450930115,,,,,,,,,,,,
smc,reference,2,50,0.5,percentile,4,400.0,400,0.0,298.0,377.0,0.745,0.9425,5.4660375000000005,,,,,,,,,,,,
smc,reference,2,50,0.5,studentised,4,400.0,400,0.0,258.0,377.0,0.645,0.9425,5.953837192367349,,,,,,,,,,,,
smc,reference,2,50,0.5,bca,4,400.0,400,0.0,270.0,373.0,0.675,0.9325,5.69413812384782,,,,,,,,,,,,
smc,reference,2,50,0.5,welch_t,4,400.0,400,0.0,308.0,378.0,0.77,0.945,5.590802516617053,,,,,,,,,,,,
smc,reference,2,50,0.5,patient_cluster,4,400.0,397,3.0,148.0,369.0,0.37279596977329976,0.929471032745592,12.120824016370715,,,,,,,,,,,,
smc,reference,2,50,0.5,pseudobulk_patient_t,4,400.0,397,3.0,28.0,388.0,0.07052896725440806,0.9773299748110831,50.633062302819596,,,,,,,,,,,,
smc,reference,2,100,1.0,percentile,4,400.0,400,0.0,30.0,370.0,0.075,0.925,7.37939375,,,,,,,,,,,,
smc,reference,2,100,1.0,studentised,4,400.0,400,0.0,21.0,379.0,0.0525,0.9475,8.135534626570383,,,,,,,,,,,,
smc,reference,2,100,1.0,bca,4,400.0,400,0.0,25.0,375.0,0.0625,0.9375,7.643316861928541,,,,,,,,,,,,
smc,reference,2,100,1.0,welch_t,4,400.0,400,0.0,29.0,371.0,0.0725,0.9275,7.522217084645872,,,,,,,,,,,,
smc,reference,2,100,1.0,patient_cluster,4,400.0,399,1.0,34.0,365.0,0.08521303258145363,0.9147869674185464,15.605599428090871,,,,,,,,,,,,
smc,reference,2,100,1.0,pseudobulk_patient_t,4,400.0,399,1.0,17.0,382.0,0.042606516290726815,0.9573934837092731,37.79492987216737,,,,,,,,,,,,
smc,reference,5,800,1.0,percentile,3,400.0,400,0.0,15.0,385.0,0.0375,0.9625,4.026724999999999,,,,,,,,,,,,
smc,reference,5,800,1.0,patient_cluster,3,400.0,400,0.0,0.0,400.0,0.0,1.0,22.036852320577367,,,,,,,,,,,,
smc,reference,5,800,1.0,pseudobulk_patient_t,3,400.0,400,0.0,15.0,385.0,0.0375,0.9625,6.620205391271851,,,,,,,,,,,,
smc,reference,2,100,0.5,percentile,4,400.0,400,0.0,350.0,382.0,0.875,0.955,4.30878125,,,,,,,,,,,,
smc,reference,2,100,0.5,studentised,4,400.0,400,0.0,338.0,379.0,0.845,0.9475,4.436120428697362,,,,,,,,,,,,
smc,reference,2,100,0.5,bca,4,400.0,400,0.0,336.0,380.0,0.84,0.95,4.330300862615351,,,,,,,,,,,,
smc,reference,2,100,0.5,welch_t,4,400.0,400,0.0,355.0,384.0,0.8875,0.96,4.336384478397301,,,,,,,,,,,,
smc,reference,2,100,0.5,patient_cluster,4,400.0,400,0.0,158.0,374.0,0.395,0.935,10.717953670910644,,,,,,,,,,,,
smc,reference,2,100,0.5,pseudobulk_patient_t,4,400.0,400,0.0,27.0,392.0,0.0675,0.98,55.61234490062694,,,,,,,,,,,,
smc,reference,5,5,1.0,percentile,4,400.0,400,0.0,114.0,286.0,0.285,0.715,20.849575,,,,,,,,,,,,
smc,reference,5,5,1.0,patient_cluster,4,400.0,393,7.0,82.0,311.0,0.20865139949109415,0.7913486005089059,24.946935850702562,,,,,,,,,,,,
smc,reference,5,5,1.0,pseudobulk_patient_t,4,400.0,393,7.0,24.0,369.0,0.061068702290076333,0.9389312977099237,46.41311395608586,,,,,,,,,,,,
smc,reference,5,5,0.5,percentile,4,400.0,400,0.0,221.0,273.0,0.5525,0.6825,9.590437499999997,,,,,,,,,,,,
smc,reference,5,5,0.5,patient_cluster,4,400.0,397,3.0,146.0,372.0,0.3677581863979849,0.9370277078085643,19.281123606663193,,,,,,,,,,,,
smc,reference,5,5,0.5,pseudobulk_patient_t,4,400.0,397,3.0,34.0,393.0,0.08564231738035265,0.9899244332493703,37.99127445441962,,,,,,,,,,,,
smc,reference,5,50,0.5,percentile,4,400.0,400,0.0,312.0,370.0,0.78,0.925,6.281643749999999,,,,,,,,,,,,
smc,reference,5,50,0.5,patient_cluster,4,400.0,400,0.0,56.0,400.0,0.14,1.0,18.69226294521993,,,,,,,,,,,,
smc,reference,5,50,0.5,pseudobulk_patient_t,4,400.0,400,0.0,79.0,398.0,0.1975,0.995,14.498777943116387,,,,,,,,,,,,
smc,reference,5,100,1.0,percentile,4,400.0,400,0.0,24.0,376.0,0.06,0.94,8.498412499999999,,,,,,,,,,,,
smc,reference,5,100,1.0,patient_cluster,4,400.0,400,0.0,3.0,397.0,0.0075,0.9925,23.40434784273622,,,,,,,,,,,,
smc,reference,5,100,1.0,pseudobulk_patient_t,4,400.0,400,0.0,9.0,391.0,0.0225,0.9775,13.188510715111597,,,,,,,,,,,,
smc,reference,5,50,1.0,percentile,4,400.0,400,0.0,39.0,361.0,0.0975,0.9025,11.10213749999999,,,,,,,,,,,,
smc,reference,5,50,1.0,patient_cluster,4,400.0,400,0.0,4.0,396.0,0.01,0.99,23.472913391116226,,,,,,,,,,,,
smc,reference,5,50,1.0,pseudobulk_patient_t,4,400.0,400,0.0,14.0,386.0,0.035,0.965,15.866001293510042,,,,,,,,,,,,
smc,reference,2,800,1.0,percentile,4,400.0,400,0.0,22.0,378.0,0.055,0.945,3.6812937499999956,,,,,,,,,,,,
smc,reference,2,800,1.0,studentised,4,400.0,400,0.0,25.0,375.0,0.0625,0.9375,3.6794301006086965,,,,,,,,,,,,
smc,reference,2,800,1.0,bca,4,400.0,400,0.0,25.0,375.0,0.0625,0.9375,3.6701070342291633,,,,,,,,,,,,
smc,reference,2,800,1.0,welch_t,4,400.0,400,0.0,18.0,382.0,0.045,0.955,3.7029043364002234,,,,,,,,,,,,
smc,reference,2,800,1.0,patient_cluster,4,400.0,400,0.0,8.0,392.0,0.02,0.98,14.708567405263835,,,,,,,,,,,,
smc,reference,2,800,1.0,pseudobulk_patient_t,4,400.0,400,0.0,15.0,385.0,0.0375,0.9625,15.96560113196846,,,,,,,,,,,,
smc,reference,5,100,0.5,percentile,4,400.0,400,0.0,366.0,393.0,0.915,0.9825,5.015231249999999,,,,,,,,,,,,
smc,reference,5,100,0.5,patient_cluster,4,400.0,400,0.0,42.0,400.0,0.105,1.0,17.703832884737942,,,,,,,,,,,,
smc,reference,5,100,0.5,pseudobulk_patient_t,4,400.0,400,0.0,91.0,394.0,0.2275,0.985,13.253218298866067,,,,,,,,,,,,
smc,reference,2,800,0.5,percentile,4,400.0,400,0.0,398.0,396.0,0.995,0.99,2.8098062499999985,,,,,,,,,,,,
smc,reference,2,800,0.5,studentised,4,400.0,400,0.0,398.0,399.0,0.995,0.9975,2.8400381443176808,,,,,,,,,,,,
smc,reference,2,800,0.5,bca,4,400.0,400,0.0,398.0,396.0,0.995,0.99,2.8281405820839036,,,,,,,,,,,,
smc,reference,2,800,0.5,welch_t,4,400.0,400,0.0,398.0,398.0,0.995,0.995,2.7765244474307,,,,,,,,,,,,
smc,reference,2,800,0.5,patient_cluster,4,400.0,400,0.0,142.0,393.0,0.355,0.9825,10.853381423752865,,,,,,,,,,,,
smc,reference,2,800,0.5,pseudobulk_patient_t,4,400.0,400,0.0,23.0,398.0,0.0575,0.995,45.53554131311354,,,,,,,,,,,,
kul3,pooled,2,5,0.5,percentile,20260831,400.0,400,0.0,317.0,207.0,0.7925,0.5175,1.6907374999999987,,,,,,,,,,,,
kul3,pooled,2,5,0.5,studentised,20260831,400.0,400,0.0,314.0,174.0,0.785,0.435,2.0008650579627427,,,,,,,,,,,,
kul3,pooled,2,5,0.5,bca,20260831,400.0,400,0.0,315.0,156.0,0.7875,0.39,1.8226333769639322,,,,,,,,,,,,
kul3,pooled,2,5,0.5,welch_t,20260831,400.0,400,0.0,311.0,267.0,0.7775,0.6675,1.734308438985031,,,,,,,,,,,,
kul3,pooled,2,5,0.5,patient_cluster,20260831,400.0,210,190.0,167.0,71.0,0.7952380952380952,0.3380952380952381,1.0587319087034142,,,,,,,,,,,,
kul3,pooled,2,5,0.5,pseudobulk_patient_t,20260831,400.0,210,190.0,36.0,189.0,0.17142857142857143,0.9,10.905609519656785,,,,,,,,,,,,
kul3,pooled,2,5,1.0,percentile,20260831,400.0,400,0.0,285.0,115.0,0.7125,0.2875,1.8003874999999996,,,,,,,,,,,,
kul3,pooled,2,5,1.0,studentised,20260831,400.0,400,0.0,276.0,124.0,0.69,0.31,2.1889155733581642,,,,,,,,,,,,
kul3,pooled,2,5,1.0,bca,20260831,400.0,400,0.0,283.0,117.0,0.7075,0.2925,1.9458116368093816,,,,,,,,,,,,
kul3,pooled,2,5,1.0,welch_t,20260831,400.0,400,0.0,275.0,125.0,0.6875,0.3125,1.8822190652487647,,,,,,,,,,,,
kul3,pooled,2,5,1.0,patient_cluster,20260831,400.0,218,182.0,160.0,58.0,0.7339449541284404,0.26605504587155965,1.2315437441981953,,,,,,,,,,,,
kul3,pooled,2,5,1.0,pseudobulk_patient_t,20260831,400.0,218,182.0,31.0,187.0,0.14220183486238533,0.8577981651376146,12.59573297174975,,,,,,,,,,,,
smc,reference,5,800,1.0,percentile,4,400.0,400,0.0,25.0,375.0,0.0625,0.9375,4.250612499999999,,,,,,,,,,,,
smc,reference,5,800,1.0,patient_cluster,4,400.0,400,0.0,0.0,400.0,0.0,1.0,22.738641998644027,,,,,,,,,,,,
smc,reference,5,800,1.0,pseudobulk_patient_t,4,400.0,400,0.0,12.0,388.0,0.03,0.97,6.306590916749435,,,,,,,,,,,,
kul3,pooled,2,50,1.0,percentile,20260831,400.0,400,0.0,116.0,284.0,0.29,0.71,3.18886875,,,,,,,,,,,,
kul3,pooled,2,50,1.0,studentised,20260831,400.0,400,0.0,119.0,281.0,0.2975,0.7025,3.9330195782072446,,,,,,,,,,,,
kul3,pooled,2,50,1.0,bca,20260831,400.0,400,0.0,118.0,282.0,0.295,0.705,3.640099991932752,,,,,,,,,,,,
kul3,pooled,2,50,1.0,welch_t,20260831,400.0,400,0.0,113.0,287.0,0.2825,0.7175,3.3086504007844146,,,,,,,,,,,,
kul3,pooled,2,50,1.0,patient_cluster,20260831,400.0,258,142.0,118.0,140.0,0.4573643410852713,0.5426356589147286,2.1649420788839446,,,,,,,,,,,,
kul3,pooled,2,50,1.0,pseudobulk_patient_t,20260831,400.0,258,142.0,21.0,237.0,0.08139534883720931,0.9186046511627907,19.59044861359002,,,,,,,,,,,,
smc,reference,5,800,0.5,percentile,4,400.0,400,0.0,399.0,399.0,0.9975,0.9975,3.1440874999999986,,,,,,,,,,,,
smc,reference,5,800,0.5,patient_cluster,4,400.0,400,0.0,42.0,400.0,0.105,1.0,16.728440606332818,,,,,,,,,,,,
smc,reference,5,800,0.5,pseudobulk_patient_t,4,400.0,400,0.0,140.0,400.0,0.35,1.0,11.010178068520608,,,,,,,,,,,,
kul3,pooled,2,50,0.5,percentile,20260831,400.0,400,0.0,199.0,358.0,0.4975,0.895,2.2329749999999997,,,,,,,,,,,,
kul3,pooled,2,50,0.5,studentised,20260831,400.0,400,0.0,193.0,340.0,0.4825,0.85,2.481996997937329,,,,,,,,,,,,
kul3,pooled,2,50,0.5,bca,20260831,400.0,400,0.0,188.0,320.0,0.47,0.8,2.3059868211800234,,,,,,,,,,,,
kul3,pooled,2,50,0.5,welch_t,20260831,400.0,400,0.0,198.0,366.0,0.495,0.915,2.2522791690962345,,,,,,,,,,,,
kul3,pooled,2,50,0.5,patient_cluster,20260831,400.0,243,157.0,151.0,151.0,0.6213991769547325,0.6213991769547325,1.6142671779886717,,,,,,,,,,,,
kul3,pooled,2,50,0.5,pseudobulk_patient_t,20260831,400.0,243,157.0,18.0,232.0,0.07407407407407407,0.9547325102880658,14.713653476264735,,,,,,,,,,,,
kul3,pooled,2,100,1.0,percentile,20260831,400.0,400,0.0,71.0,329.0,0.1775,0.8225,3.6647999999999996,,,,,,,,,,,,
kul3,pooled,2,100,1.0,studentised,20260831,400.0,400,0.0,78.0,322.0,0.195,0.805,4.639818984184279,,,,,,,,,,,,
kul3,pooled,2,100,1.0,bca,20260831,400.0,400,0.0,76.0,324.0,0.19,0.81,4.247084078239245,,,,,,,,,,,,
kul3,pooled,2,100,1.0,welch_t,20260831,400.0,400,0.0,69.0,331.0,0.1725,0.8275,3.7350534835645126,,,,,,,,,,,,
kul3,pooled,2,100,1.0,patient_cluster,20260831,400.0,270,130.0,99.0,171.0,0.36666666666666664,0.6333333333333333,2.1130306704995587,,,,,,,,,,,,
kul3,pooled,2,100,1.0,pseudobulk_patient_t,20260831,400.0,270,130.0,13.0,257.0,0.04814814814814815,0.9518518518518518,18.669735144082015,,,,,,,,,,,,
kul3,pooled,2,100,0.5,percentile,20260831,400.0,400,0.0,151.0,386.0,0.3775,0.965,2.364062499999998,,,,,,,,,,,,
kul3,pooled,2,100,0.5,studentised,20260831,400.0,400,0.0,148.0,380.0,0.37,0.95,2.5269265955871907,,,,,,,,,,,,
kul3,pooled,2,100,0.5,bca,20260831,400.0,400,0.0,146.0,375.0,0.365,0.9375,2.457965570881069,,,,,,,,,,,,
kul3,pooled,2,100,0.5,welch_t,20260831,400.0,400,0.0,148.0,388.0,0.37,0.97,2.3838298219772645,,,,,,,,,,,,
kul3,pooled,2,100,0.5,patient_cluster,20260831,400.0,266,134.0,158.0,194.0,0.5939849624060151,0.7293233082706767,1.4044017100960553,,,,,,,,,,,,
kul3,pooled,2,100,0.5,pseudobulk_patient_t,20260831,400.0,266,134.0,22.0,261.0,0.08270676691729323,0.981203007518797,13.081152330181055,,,,,,,,,,,,
kul3,pooled,5,5,1.0,percentile,20260831,400.0,400,0.0,288.0,112.0,0.72,0.28,1.8605312500000002,,,,,,,,,,,,
kul3,pooled,5,5,1.0,patient_cluster,20260831,400.0,394,6.0,285.0,109.0,0.7233502538071066,0.2766497461928934,1.7556975185790358,,,,,,,,,,,,
kul3,pooled,5,5,1.0,pseudobulk_patient_t,20260831,400.0,394,6.0,98.0,296.0,0.24873096446700507,0.751269035532995,5.896963984011304,,,,,,,,,,,,
kul3,pooled,5,5,0.5,percentile,20260831,400.0,400,0.0,314.0,188.0,0.785,0.47,1.7499500000000001,,,,,,,,,,,,
kul3,pooled,5,5,0.5,patient_cluster,20260831,400.0,391,9.0,319.0,191.0,0.8158567774936062,0.4884910485933504,1.6462470393426814,,,,,,,,,,,,
kul3,pooled,5,5,0.5,pseudobulk_patient_t,20260831,400.0,391,9.0,97.0,367.0,0.24808184143222506,0.9386189258312021,5.779730968042415,,,,,,,,,,,,
kul3,pooled,5,50,0.5,percentile,20260831,400.0,400,0.0,212.0,349.0,0.53,0.8725,2.1344499999999997,,,,,,,,,,,,
kul3,pooled,5,50,0.5,patient_cluster,20260831,400.0,400,0.0,213.0,319.0,0.5325,0.7975,2.198527398362837,,,,,,,,,,,,
kul3,pooled,5,50,0.5,pseudobulk_patient_t,20260831,400.0,400,0.0,130.0,378.0,0.325,0.945,3.584110270823312,,,,,,,,,,,,
kul3,pooled,5,50,1.0,percentile,20260831,400.0,400,0.0,134.0,266.0,0.335,0.665,3.150143749999999,,,,,,,,,,,,
kul3,pooled,5,50,1.0,patient_cluster,20260831,400.0,400,0.0,153.0,247.0,0.3825,0.6175,2.968260069234514,,,,,,,,,,,,
kul3,pooled,5,50,1.0,pseudobulk_patient_t,20260831,400.0,400,0.0,83.0,317.0,0.2075,0.7925,5.204291136573138,,,,,,,,,,,,
kul3,pooled,2,800,1.0,percentile,20260831,400.0,400,0.0,17.0,383.0,0.0425,0.9575,2.1051249999999992,,,,,,,,,,,,
kul3,pooled,2,800,1.0,studentised,20260831,400.0,400,0.0,29.0,371.0,0.0725,0.9275,2.132049915642442,,,,,,,,,,,,
kul3,pooled,2,800,1.0,bca,20260831,400.0,400,0.0,30.0,370.0,0.075,0.925,2.129095418180493,,,,,,,,,,,,
kul3,pooled,2,800,1.0,welch_t,20260831,400.0,400,0.0,15.0,385.0,0.0375,0.9625,2.102649333065295,,,,,,,,,,,,
kul3,pooled,2,800,1.0,patient_cluster,20260831,400.0,269,131.0,69.0,200.0,0.25650557620817843,0.7434944237918215,1.3994261515209006,,,,,,,,,,,,
kul3,pooled,2,800,1.0,pseudobulk_patient_t,20260831,400.0,269,131.0,12.0,257.0,0.04460966542750929,0.9553903345724907,10.088243832919005,,,,,,,,,,,,
kul3,pooled,5,100,1.0,percentile,20260831,400.0,400,0.0,88.0,312.0,0.22,0.78,3.5718687499999984,,,,,,,,,,,,
kul3,pooled,5,100,1.0,patient_cluster,20260831,400.0,400,0.0,95.0,305.0,0.2375,0.7625,3.1720862132159864,,,,,,,,,,,,
kul3,pooled,5,100,1.0,pseudobulk_patient_t,20260831,400.0,400,0.0,45.0,355.0,0.1125,0.8875,5.454074993594193,,,,,,,,,,,,
kul3,pooled,2,800,0.5,percentile,20260831,400.0,400,0.0,213.0,395.0,0.5325,0.9875,1.6601124999999999,,,,,,,,,,,,
kul3,pooled,2,800,0.5,studentised,20260831,400.0,400,0.0,234.0,394.0,0.585,0.985,1.7484435679927428,,,,,,,,,,,,
kul3,pooled,2,800,0.5,bca,20260831,400.0,400,0.0,242.0,394.0,0.605,0.985,1.6998709159972791,,,,,,,,,,,,
kul3,pooled,2,800,0.5,welch_t,20260831,400.0,400,0.0,188.0,397.0,0.47,0.9925,1.6749141785002126,,,,,,,,,,,,
kul3,pooled,2,800,0.5,patient_cluster,20260831,400.0,272,128.0,194.0,222.0,0.7132352941176471,0.8161764705882353,0.9654742845419129,,,,,,,,,,,,
kul3,pooled,2,800,0.5,pseudobulk_patient_t,20260831,400.0,272,128.0,33.0,263.0,0.1213235294117647,0.9669117647058824,7.864001857319321,,,,,,,,,,,,
kul3,pooled,5,100,0.5,percentile,20260831,400.0,400,0.0,150.0,386.0,0.375,0.965,2.3486374999999993,,,,,,,,,,,,
kul3,pooled,5,100,0.5,patient_cluster,20260831,400.0,400,0.0,164.0,355.0,0.41,0.8875,2.1854677506285416,,,,,,,,,,,,
kul3,pooled,5,100,0.5,pseudobulk_patient_t,20260831,400.0,400,0.0,95.0,389.0,0.2375,0.9725,3.866480901342713,,,,,,,,,,,,
kul3,pooled,2,5,1.0,percentile,1,400.0,400,0.0,286.0,114.0,0.715,0.285,1.73580625,,,,,,,,,,,,
kul3,pooled,2,5,1.0,studentised,1,400.0,400,0.0,285.0,115.0,0.7125,0.2875,2.022021812285851,,,,,,,,,,,,
kul3,pooled,2,5,1.0,bca,1,400.0,400,0.0,287.0,113.0,0.7175,0.2825,1.8628920471729207,,,,,,,,,,,,
kul3,pooled,2,5,1.0,welch_t,1,400.0,400,0.0,278.0,122.0,0.695,0.305,1.7892971326700713,,,,,,,,,,,,
kul3,pooled,2,5,1.0,patient_cluster,1,400.0,210,190.0,157.0,53.0,0.7476190476190476,0.2523809523809524,1.1184452418741215,,,,,,,,,,,,
kul3,pooled,2,5,1.0,pseudobulk_patient_t,1,400.0,210,190.0,39.0,171.0,0.18571428571428572,0.8142857142857143,11.507106091259885,,,,,,,,,,,,
kul3,pooled,2,5,0.5,percentile,1,400.0,400,0.0,323.0,212.0,0.8075,0.53,1.7039,,,,,,,,,,,,
kul3,pooled,2,5,0.5,studentised,1,400.0,400,0.0,323.0,167.0,0.8075,0.4175,2.0088948175000225,,,,,,,,,,,,
kul3,pooled,2,5,0.5,bca,1,400.0,400,0.0,323.0,151.0,0.8075,0.3775,1.8215379540643337,,,,,,,,,,,,
kul3,pooled,2,5,0.5,welch_t,1,400.0,400,0.0,321.0,266.0,0.8025,0.665,1.7284654049033317,,,,,,,,,,,,
kul3,pooled,2,5,0.5,patient_cluster,1,400.0,201,199.0,168.0,62.0,0.835820895522388,0.30845771144278605,0.8955712179655473,,,,,,,,,,,,
kul3,pooled,2,5,0.5,pseudobulk_patient_t,1,400.0,201,199.0,33.0,191.0,0.16417910447761194,0.9502487562189055,9.933819834003748,,,,,,,,,,,,
kul3,pooled,2,50,1.0,percentile,1,400.0,400,0.0,137.0,263.0,0.3425,0.6575,3.2088312499999985,,,,,,,,,,,,
kul3,pooled,2,50,1.0,studentised,1,400.0,400,0.0,138.0,262.0,0.345,0.655,3.935032912097471,,,,,,,,,,,,
kul3,pooled,2,50,1.0,bca,1,400.0,400,0.0,138.0,262.0,0.345,0.655,3.652955851881843,,,,,,,,,,,,
kul3,pooled,2,50,1.0,welch_t,1,400.0,400,0.0,134.0,266.0,0.335,0.665,3.301480937379243,,,,,,,,,,,,
kul3,pooled,2,50,1.0,patient_cluster,1,400.0,264,136.0,134.0,130.0,0.5075757575757576,0.49242424242424243,2.0197225020882312,,,,,,,,,,,,
kul3,pooled,2,50,1.0,pseudobulk_patient_t,1,400.0,264,136.0,19.0,245.0,0.07196969696969698,0.928030303030303,19.26149631346697,,,,,,,,,,,,
kul3,pooled,5,800,1.0,percentile,20260831,400.0,400,0.0,28.0,372.0,0.07,0.93,2.163031249999999,,,,,,,,,,,,
kul3,pooled,5,800,1.0,patient_cluster,20260831,400.0,400,0.0,42.0,358.0,0.105,0.895,2.0593624748557433,,,,,,,,,,,,
kul3,pooled,5,800,1.0,pseudobulk_patient_t,20260831,400.0,400,0.0,15.0,385.0,0.0375,0.9625,3.3223200792988967,,,,,,,,,,,,
kul3,pooled,2,50,0.5,percentile,1,400.0,400,0.0,193.0,350.0,0.4825,0.875,2.278118749999999,,,,,,,,,,,,
kul3,pooled,2,50,0.5,studentised,1,400.0,400,0.0,192.0,325.0,0.48,0.8125,2.5477687449181836,,,,,,,,,,,,
kul3,pooled,2,50,0.5,bca,1,400.0,400,0.0,188.0,315.0,0.47,0.7875,2.4218302062095267,,,,,,,,,,,,
kul3,pooled,2,50,0.5,welch_t,1,400.0,400,0.0,194.0,373.0,0.485,0.9325,2.2876261180669033,,,,,,,,,,,,
kul3,pooled,2,50,0.5,patient_cluster,1,400.0,266,134.0,148.0,170.0,0.556390977443609,0.6390977443609023,1.7677558902285055,,,,,,,,,,,,
kul3,pooled,2,50,0.5,pseudobulk_patient_t,1,400.0,266,134.0,23.0,258.0,0.08646616541353383,0.9699248120300752,14.412254005327114,,,,,,,,,,,,
kul3,pooled,2,100,1.0,percentile,1,400.0,400,0.0,93.0,307.0,0.2325,0.7675,3.39838125,,,,,,,,,,,,
kul3,pooled,2,100,1.0,studentised,1,400.0,400,0.0,102.0,298.0,0.255,0.745,4.116573104128545,,,,,,,,,,,,
kul3,pooled,2,100,1.0,bca,1,400.0,400,0.0,107.0,293.0,0.2675,0.7325,3.9414534315777527,,,,,,,,,,,,
kul3,pooled,2,100,1.0,welch_t,1,400.0,400,0.0,84.0,316.0,0.21,0.79,3.4818927588681525,,,,,,,,,,,,
kul3,pooled,2,100,1.0,patient_cluster,1,400.0,278,122.0,119.0,159.0,0.42805755395683454,0.5719424460431655,2.033944406263859,,,,,,,,,,,,
kul3,pooled,2,100,1.0,pseudobulk_patient_t,1,400.0,278,122.0,10.0,268.0,0.03597122302158273,0.9640287769784173,16.16365314564142,,,,,,,,,,,,
kul3,pooled,5,800,0.5,percentile,20260831,400.0,400,0.0,177.0,398.0,0.4425,0.995,1.6878062499999997,,,,,,,,,,,,
kul3,pooled,5,800,0.5,patient_cluster,20260831,400.0,400,0.0,213.0,389.0,0.5325,0.9725,1.537835640013158,,,,,,,,,,,,
kul3,pooled,5,800,0.5,pseudobulk_patient_t,20260831,400.0,400,0.0,72.0,399.0,0.18,0.9975,2.6842270041438914,,,,,,,,,,,,
kul3,pooled,2,100,0.5,percentile,1,400.0,400,0.0,175.0,389.0,0.4375,0.9725,2.2643312499999992,,,,,,,,,,,,
kul3,pooled,2,100,0.5,studentised,1,400.0,400,0.0,182.0,377.0,0.455,0.9425,2.407422836120097,,,,,,,,,,,,
kul3,pooled,2,100,0.5,bca,1,400.0,400,0.0,174.0,371.0,0.435,0.9275,2.431611666032634,,,,,,,,,,,,
kul3,pooled,2,100,0.5,welch_t,1,400.0,400,0.0,175.0,396.0,0.4375,0.99,2.2856943423499017,,,,,,,,,,,,
kul3,pooled,2,100,0.5,patient_cluster,1,400.0,270,130.0,170.0,190.0,0.6296296296296297,0.7037037037037037,1.4597738817958088,,,,,,,,,,,,
kul3,pooled,2,100,0.5,pseudobulk_patient_t,1,400.0,270,130.0,28.0,259.0,0.1037037037037037,0.9592592592592593,12.7505322847219,,,,,,,,,,,,
kul3,pooled,5,5,1.0,percentile,1,400.0,400,0.0,305.0,95.0,0.7625,0.2375,1.7474374999999998,,,,,,,,,,,,
kul3,pooled,5,5,1.0,patient_cluster,1,400.0,392,8.0,307.0,85.0,0.7831632653061225,0.21683673469387754,1.5580976460758686,,,,,,,,,,,,
kul3,pooled,5,5,1.0,pseudobulk_patient_t,1,400.0,392,8.0,97.0,295.0,0.24744897959183673,0.7525510204081632,5.498731581545737,,,,,,,,,,,,
kul3,pooled,5,5,0.5,percentile,1,400.0,400,0.0,317.0,202.0,0.7925,0.505,1.6754374999999992,,,,,,,,,,,,
kul3,pooled,5,5,0.5,patient_cluster,1,400.0,391,9.0,313.0,176.0,0.8005115089514067,0.45012787723785164,1.5384926757481927,,,,,,,,,,,,
kul3,pooled,5,5,0.5,pseudobulk_patient_t,1,400.0,391,9.0,104.0,357.0,0.2659846547314578,0.9130434782608695,5.059600980848764,,,,,,,,,,,,
kul3,pooled,5,50,0.5,percentile,1,400.0,400,0.0,204.0,353.0,0.51,0.8825,2.1814999999999998,,,,,,,,,,,,
kul3,pooled,5,50,0.5,patient_cluster,1,400.0,400,0.0,217.0,308.0,0.5425,0.77,2.151120610223085,,,,,,,,,,,,
kul3,pooled,5,50,0.5,pseudobulk_patient_t,1,400.0,400,0.0,137.0,381.0,0.3425,0.9525,3.628267733886426,,,,,,,,,,,,
kul3,pooled,5,50,1.0,percentile,1,400.0,400,0.0,133.0,267.0,0.3325,0.6675,3.0570812499999986,,,,,,,,,,,,
kul3,pooled,5,50,1.0,patient_cluster,1,400.0,400,0.0,157.0,243.0,0.3925,0.6075,3.0185485530933183,,,,,,,,,,,,
kul3,pooled,5,50,1.0,pseudobulk_patient_t,1,400.0,400,0.0,75.0,325.0,0.1875,0.8125,5.485923855470769,,,,,,,,,,,,
kul3,pooled,5,100,1.0,percentile,1,400.0,400,0.0,100.0,300.0,0.25,0.75,3.4670312499999993,,,,,,,,,,,,
kul3,pooled,5,100,1.0,patient_cluster,1,400.0,400,0.0,110.0,290.0,0.275,0.725,3.1821765888385563,,,,,,,,,,,,
kul3,pooled,5,100,1.0,pseudobulk_patient_t,1,400.0,400,0.0,55.0,345.0,0.1375,0.8625,5.875859779785912,,,,,,,,,,,,
kul3,pooled,2,800,1.0,percentile,1,400.0,400,0.0,22.0,378.0,0.055,0.945,2.1375999999999995,,,,,,,,,,,,
kul3,pooled,2,800,1.0,studentised,1,400.0,400,0.0,27.0,373.0,0.0675,0.9325,2.18124439393323,,,,,,,,,,,,
kul3,pooled,2,800,1.0,bca,1,400.0,400,0.0,30.0,370.0,0.075,0.925,2.184186310815832,,,,,,,,,,,,
kul3,pooled,2,800,1.0,welch_t,1,400.0,400,0.0,18.0,382.0,0.045,0.955,2.151185696727431,,,,,,,,,,,,
kul3,pooled,2,800,1.0,patient_cluster,1,400.0,266,134.0,62.0,204.0,0.23308270676691728,0.7669172932330827,1.429988973799151,,,,,,,,,,,,
kul3,pooled,2,800,1.0,pseudobulk_patient_t,1,400.0,266,134.0,17.0,249.0,0.06390977443609022,0.9360902255639098,10.659979745691313,,,,,,,,,,,,
kul3,pooled,2,800,0.5,percentile,1,400.0,400,0.0,221.0,397.0,0.5525,0.9925,1.6934249999999995,,,,,,,,,,,,
kul3,pooled,2,800,0.5,studentised,1,400.0,400,0.0,247.0,394.0,0.6175,0.985,1.8051231456213115,,,,,,,,,,,,
kul3,pooled,2,800,0.5,bca,1,400.0,400,0.0,252.0,393.0,0.63,0.9825,1.7521083738091692,,,,,,,,,,,,
kul3,pooled,2,800,0.5,welch_t,1,400.0,400,0.0,197.0,397.0,0.4925,0.9925,1.7129053168548296,,,,,,,,,,,,
kul3,pooled,2,800,0.5,patient_cluster,1,400.0,283,117.0,199.0,241.0,0.7031802120141343,0.8515901060070671,1.0874133675283304,,,,,,,,,,,,
kul3,pooled,2,800,0.5,pseudobulk_patient_t,1,400.0,283,117.0,26.0,277.0,0.09187279151943463,0.9787985865724381,8.503385330602585,,,,,,,,,,,,
kul3,pooled,5,100,0.5,percentile,1,400.0,400,0.0,171.0,380.0,0.4275,0.95,2.272206249999999,,,,,,,,,,,,
kul3,pooled,5,100,0.5,patient_cluster,1,400.0,400,0.0,179.0,352.0,0.4475,0.88,2.1259509226183697,,,,,,,,,,,,
kul3,pooled,5,100,0.5,pseudobulk_patient_t,1,400.0,400,0.0,98.0,390.0,0.245,0.975,3.826106809005666,,,,,,,,,,,,
kul3,pooled,2,5,1.0,percentile,2,400.0,400,0.0,289.0,111.0,0.7225,0.2775,1.7488499999999996,,,,,,,,,,,,
kul3,pooled,2,5,1.0,studentised,2,400.0,400,0.0,282.0,118.0,0.705,0.295,2.0367295639442125,,,,,,,,,,,,
kul3,pooled,2,5,1.0,bca,2,400.0,400,0.0,287.0,113.0,0.7175,0.2825,1.8663051838320635,,,,,,,,,,,,
kul3,pooled,2,5,1.0,welch_t,2,400.0,400,0.0,280.0,120.0,0.7,0.3,1.8195574931013576,,,,,,,,,,,,
kul3,pooled,2,5,1.0,patient_cluster,2,400.0,213,187.0,175.0,38.0,0.8215962441314554,0.1784037558685446,1.126037735849057,,,,,,,,,,,,
kul3,pooled,2,5,1.0,pseudobulk_patient_t,2,400.0,213,187.0,39.0,174.0,0.18309859154929578,0.8169014084507042,12.426771116479468,,,,,,,,,,,,
kul3,pooled,2,5,0.5,percentile,2,400.0,400,0.0,311.0,197.0,0.7775,0.4925,1.6921562499999996,,,,,,,,,,,,
kul3,pooled,2,5,0.5,studentised,2,400.0,400,0.0,311.0,163.0,0.7775,0.4075,1.9677067951159848,,,,,,,,,,,,
kul3,pooled,2,5,0.5,bca,2,400.0,400,0.0,311.0,150.0,0.7775,0.375,1.8028880968870298,,,,,,,,,,,,
kul3,pooled,2,5,0.5,welch_t,2,400.0,400,0.0,305.0,248.0,0.7625,0.62,1.722705135482261,,,,,,,,,,,,
kul3,pooled,2,5,0.5,patient_cluster,2,400.0,217,183.0,171.0,67.0,0.7880184331797235,0.3087557603686636,0.9814457026279686,,,,,,,,,,,,
kul3,pooled,2,5,0.5,pseudobulk_patient_t,2,400.0,217,183.0,41.0,199.0,0.1889400921658986,0.9170506912442397,8.916008994588903,,,,,,,,,,,,
kul3,pooled,5,800,1.0,percentile,1,400.0,400,0.0,29.0,371.0,0.0725,0.9275,2.2086749999999986,,,,,,,,,,,,
kul3,pooled,5,800,1.0,patient_cluster,1,400.0,400,0.0,40.0,360.0,0.1,0.9,2.0801852347113314,,,,,,,,,,,,
kul3,pooled,5,800,1.0,pseudobulk_patient_t,1,400.0,400,0.0,20.0,380.0,0.05,0.95,3.365103895391327,,,,,,,,,,,,
kul3,pooled,2,50,1.0,percentile,2,400.0,400,0.0,125.0,275.0,0.3125,0.6875,3.5079999999999996,,,,,,,,,,,,
kul3,pooled,2,50,1.0,studentised,2,400.0,400,0.0,133.0,267.0,0.3325,0.6675,4.095960110278808,,,,,,,,,,,,
kul3,pooled,2,50,1.0,bca,2,400.0,400,0.0,134.0,266.0,0.335,0.665,4.027960629651526,,,,,,,,,,,,
kul3,pooled,2,50,1.0,welch_t,2,400.0,400,0.0,123.0,277.0,0.3075,0.6925,3.6183455673329705,,,,,,,,,,,,
kul3,pooled,2,50,1.0,patient_cluster,2,400.0,283,117.0,128.0,155.0,0.45229681978798586,0.5477031802120141,2.491510331947708,,,,,,,,,,,,
kul3,pooled,2,50,1.0,pseudobulk_patient_t,2,400.0,283,117.0,15.0,268.0,0.053003533568904596,0.9469964664310954,23.846843121897102,,,,,,,,,,,,
kul3,pooled,5,800,0.5,percentile,1,400.0,400,0.0,214.0,396.0,0.535,0.99,1.7240937499999984,,,,,,,,,,,,
kul3,pooled,5,800,0.5,patient_cluster,1,400.0,400,0.0,218.0,385.0,0.545,0.9625,1.646384552732757,,,,,,,,,,,,
kul3,pooled,5,800,0.5,pseudobulk_patient_t,1,400.0,400,0.0,69.0,396.0,0.1725,0.99,2.7863489513245208,,,,,,,,,,,,
kul3,pooled,2,100,0.5,percentile,2,400.0,400,0.0,182.0,382.0,0.455,0.955,2.270425,,,,,,,,,,,,
kul3,pooled,2,100,0.5,studentised,2,400.0,400,0.0,174.0,367.0,0.435,0.9175,2.4367957990862044,,,,,,,,,,,,
kul3,pooled,2,100,0.5,bca,2,400.0,400,0.0,171.0,354.0,0.4275,0.885,2.4094545336585353,,,,,,,,,,,,
kul3,pooled,2,100,0.5,welch_t,2,400.0,400,0.0,182.0,393.0,0.455,0.9825,2.280230405550376,,,,,,,,,,,,
kul3,pooled,2,100,0.5,patient_cluster,2,400.0,284,116.0,168.0,205.0,0.5915492957746479,0.721830985915493,1.4757518832656584,,,,,,,,,,,,
kul3,pooled,2,100,0.5,pseudobulk_patient_t,2,400.0,284,116.0,24.0,274.0,0.08450704225352113,0.9647887323943662,12.224596363741927,,,,,,,,,,,,
kul3,pooled,2,50,0.5,percentile,2,400.0,400,0.0,196.0,358.0,0.49,0.895,2.2864312499999997,,,,,,,,,,,,
kul3,pooled,2,50,0.5,studentised,2,400.0,400,0.0,195.0,335.0,0.4875,0.8375,2.540808584793035,,,,,,,,,,,,
kul3,pooled,2,50,0.5,bca,2,400.0,400,0.0,186.0,322.0,0.465,0.805,2.4546502171273987,,,,,,,,,,,,
kul3,pooled,2,50,0.5,welch_t,2,400.0,400,0.0,196.0,373.0,0.49,0.9325,2.3048408524422914,,,,,,,,,,,,
kul3,pooled,2,50,0.5,patient_cluster,2,400.0,266,134.0,166.0,147.0,0.6240601503759399,0.5526315789473685,1.3742963413012212,,,,,,,,,,,,
kul3,pooled,2,50,0.5,pseudobulk_patient_t,2,400.0,266,134.0,26.0,252.0,0.09774436090225563,0.9473684210526315,12.337575767603795,,,,,,,,,,,,
kul3,pooled,2,100,1.0,percentile,2,400.0,400,0.0,66.0,334.0,0.165,0.835,3.575849999999996,,,,,,,,,,,,
kul3,pooled,2,100,1.0,studentised,2,400.0,400,0.0,70.0,330.0,0.175,0.825,4.4680490305489275,,,,,,,,,,,,
kul3,pooled,2,100,1.0,bca,2,400.0,400,0.0,74.0,326.0,0.185,0.815,4.217261801846588,,,,,,,,,,,,
kul3,pooled,2,100,1.0,welch_t,2,400.0,400,0.0,63.0,337.0,0.1575,0.8425,3.698070948714986,,,,,,,,,,,,
kul3,pooled,2,100,1.0,patient_cluster,2,400.0,258,142.0,111.0,147.0,0.43023255813953487,0.5697674418604651,2.0332956914284877,,,,,,,,,,,,
kul3,pooled,2,100,1.0,pseudobulk_patient_t,2,400.0,258,142.0,14.0,244.0,0.05426356589147287,0.9457364341085271,17.739114300122516,,,,,,,,,,,,
kul3,pooled,5,5,1.0,percentile,2,400.0,400,0.0,278.0,122.0,0.695,0.305,1.8435812499999997,,,,,,,,,,,,
kul3,pooled,5,5,1.0,patient_cluster,2,400.0,384,16.0,261.0,123.0,0.6796875,0.3203125,1.8413841452308553,,,,,,,,,,,,
kul3,pooled,5,5,1.0,pseudobulk_patient_t,2,400.0,384,16.0,88.0,296.0,0.22916666666666666,0.7708333333333334,5.848571520938611,,,,,,,,,,,,
kul3,pooled,5,5,0.5,percentile,2,400.0,400,0.0,319.0,187.0,0.7975,0.4675,1.6424874999999994,,,,,,,,,,,,
kul3,pooled,5,5,0.5,patient_cluster,2,400.0,392,8.0,316.0,175.0,0.8061224489795918,0.44642857142857145,1.488822406580161,,,,,,,,,,,,
kul3,pooled,5,5,0.5,pseudobulk_patient_t,2,400.0,392,8.0,106.0,366.0,0.27040816326530615,0.9336734693877551,4.975080465969248,,,,,,,,,,,,
kul3,pooled,2,800,0.5,percentile,2,400.0,400,0.0,222.0,396.0,0.555,0.99,1.6678624999999996,,,,,,,,,,,,
kul3,pooled,2,800,0.5,studentised,2,400.0,400,0.0,239.0,396.0,0.5975,0.99,1.756576319117348,,,,,,,,,,,,
kul3,pooled,2,800,0.5,bca,2,400.0,400,0.0,243.0,397.0,0.6075,0.9925,1.727127815220281,,,,,,,,,,,,
kul3,pooled,2,800,0.5,welch_t,2,400.0,400,0.0,198.0,397.0,0.495,0.9925,1.677687096465922,,,,,,,,,,,,
kul3,pooled,2,800,0.5,patient_cluster,2,400.0,258,142.0,183.0,216.0,0.7093023255813954,0.8372093023255814,1.0070913099286949,,,,,,,,,,,,
kul3,pooled,2,800,0.5,pseudobulk_patient_t,2,400.0,258,142.0,27.0,252.0,0.10465116279069768,0.9767441860465116,8.010203462598184,,,,,,,,,,,,
kul3,pooled,5,50,1.0,percentile,2,400.0,400,0.0,122.0,278.0,0.305,0.695,3.4228375,,,,,,,,,,,,
kul3,pooled,5,50,1.0,patient_cluster,2,400.0,400,0.0,141.0,259.0,0.3525,0.6475,3.1005541653721247,,,,,,,,,,,,
kul3,pooled,5,50,1.0,pseudobulk_patient_t,2,400.0,400,0.0,64.0,336.0,0.16,0.84,6.011460659608407,,,,,,,,,,,,
kul3,pooled,5,50,0.5,percentile,2,400.0,400,0.0,194.0,358.0,0.485,0.895,2.2655812499999994,,,,,,,,,,,,
kul3,pooled,5,50,0.5,patient_cluster,2,400.0,400,0.0,199.0,320.0,0.4975,0.8,2.235286044489944,,,,,,,,,,,,
kul3,pooled,5,50,0.5,pseudobulk_patient_t,2,400.0,400,0.0,126.0,384.0,0.315,0.96,3.7967913194551786,,,,,,,,,,,,
kul3,pooled,5,100,1.0,percentile,2,400.0,400,0.0,83.0,317.0,0.2075,0.7925,3.714918749999999,,,,,,,,,,,,
kul3,pooled,5,100,1.0,patient_cluster,2,400.0,400,0.0,90.0,310.0,0.225,0.775,3.22571113301024,,,,,,,,,,,,
kul3,pooled,5,100,1.0,pseudobulk_patient_t,2,400.0,400,0.0,43.0,357.0,0.1075,0.8925,5.886978264591626,,,,,,,,,,,,
kul3,pooled,2,800,1.0,percentile,2,400.0,400,0.0,26.0,374.0,0.065,0.935,2.1917374999999995,,,,,,,,,,,,
kul3,pooled,2,800,1.0,studentised,2,400.0,400,0.0,36.0,364.0,0.09,0.91,2.197329769957684,,,,,,,,,,,,
kul3,pooled,2,800,1.0,bca,2,400.0,400,0.0,36.0,364.0,0.09,0.91,2.1971022512126126,,,,,,,,,,,,
kul3,pooled,2,800,1.0,welch_t,2,400.0,400,0.0,22.0,378.0,0.055,0.945,2.1801932501338537,,,,,,,,,,,,
kul3,pooled,2,800,1.0,patient_cluster,2,400.0,268,132.0,78.0,190.0,0.291044776119403,0.7089552238805971,1.3393912085364978,,,,,,,,,,,,
kul3,pooled,2,800,1.0,pseudobulk_patient_t,2,400.0,268,132.0,17.0,251.0,0.06343283582089553,0.9365671641791045,9.903660782653695,,,,,,,,,,,,
kul3,pooled,5,100,0.5,percentile,2,400.0,400,0.0,174.0,386.0,0.435,0.965,2.29508125,,,,,,,,,,,,
kul3,pooled,5,100,0.5,patient_cluster,2,400.0,400,0.0,181.0,352.0,0.4525,0.88,2.1823325940206875,,,,,,,,,,,,
kul3,pooled,5,100,0.5,pseudobulk_patient_t,2,400.0,400,0.0,97.0,387.0,0.2425,0.9675,3.6267446479121683,,,,,,,,,,,,
kul3,pooled,2,5,1.0,percentile,3,400.0,400,0.0,299.0,101.0,0.7475,0.2525,1.7626437499999996,,,,,,,,,,,,
kul3,pooled,2,5,1.0,studentised,3,400.0,400,0.0,297.0,103.0,0.7425,0.2575,2.055386968563943,,,,,,,,,,,,
kul3,pooled,2,5,1.0,bca,3,400.0,400,0.0,297.0,103.0,0.7425,0.2575,1.8905410490105163,,,,,,,,,,,,
kul3,pooled,2,5,1.0,welch_t,3,400.0,400,0.0,292.0,108.0,0.73,0.27,1.8347631462332274,,,,,,,,,,,,
kul3,pooled,2,5,1.0,patient_cluster,3,400.0,203,197.0,158.0,45.0,0.7783251231527094,0.22167487684729065,1.047747747747748,,,,,,,,,,,,
kul3,pooled,2,5,1.0,pseudobulk_patient_t,3,400.0,203,197.0,28.0,175.0,0.13793103448275862,0.8620689655172413,10.418488103739675,,,,,,,,,,,,
kul3,pooled,2,5,0.5,percentile,3,400.0,400,0.0,316.0,188.0,0.79,0.47,1.6575374999999986,,,,,,,,,,,,
kul3,pooled,2,5,0.5,studentised,3,400.0,400,0.0,313.0,152.0,0.7825,0.38,1.9115955384599355,,,,,,,,,,,,
kul3,pooled,2,5,0.5,bca,3,400.0,400,0.0,314.0,143.0,0.785,0.3575,1.7506865491765757,,,,,,,,,,,,
kul3,pooled,2,5,0.5,welch_t,3,400.0,400,0.0,311.0,234.0,0.7775,0.585,1.6999602157180562,,,,,,,,,,,,
kul3,pooled,2,5,0.5,patient_cluster,3,400.0,209,191.0,165.0,73.0,0.7894736842105263,0.3492822966507177,1.025796172230434,,,,,,,,,,,,
kul3,pooled,2,5,0.5,pseudobulk_patient_t,3,400.0,209,191.0,28.0,194.0,0.1339712918660287,0.9282296650717703,10.262274706878774,,,,,,,,,,,,
kul3,pooled,2,50,1.0,percentile,3,400.0,400,0.0,126.0,274.0,0.315,0.685,3.3456062499999994,,,,,,,,,,,,
kul3,pooled,2,50,1.0,studentised,3,400.0,400,0.0,128.0,272.0,0.32,0.68,4.080897292854765,,,,,,,,,,,,
kul3,pooled,2,50,1.0,bca,3,400.0,400,0.0,130.0,270.0,0.325,0.675,3.7832001711222207,,,,,,,,,,,,
kul3,pooled,2,50,1.0,welch_t,3,400.0,400,0.0,122.0,278.0,0.305,0.695,3.457647773476244,,,,,,,,,,,,
kul3,pooled,2,50,1.0,patient_cluster,3,400.0,262,138.0,120.0,142.0,0.4580152671755725,0.5419847328244275,2.2970686913185006,,,,,,,,,,,,
kul3,pooled,2,50,1.0,pseudobulk_patient_t,3,400.0,262,138.0,16.0,246.0,0.061068702290076333,0.9389312977099237,22.404303634180796,,,,,,,,,,,,
kul3,pooled,2,50,0.5,percentile,3,400.0,400,0.0,209.0,356.0,0.5225,0.89,2.2517,,,,,,,,,,,,
kul3,pooled,2,50,0.5,studentised,3,400.0,400,0.0,206.0,337.0,0.515,0.8425,2.5405588646862234,,,,,,,,,,,,
kul3,pooled,2,50,0.5,bca,3,400.0,400,0.0,202.0,325.0,0.505,0.8125,2.4176063129907988,,,,,,,,,,,,
kul3,pooled,2,50,0.5,welch_t,3,400.0,400,0.0,207.0,371.0,0.5175,0.9275,2.3082973492562604,,,,,,,,,,,,
kul3,pooled,2,50,0.5,patient_cluster,3,400.0,264,136.0,158.0,172.0,0.5984848484848485,0.6515151515151515,1.6814141748501235,,,,,,,,,,,,
kul3,pooled,2,50,0.5,pseudobulk_patient_t,3,400.0,264,136.0,19.0,253.0,0.07196969696969698,0.9583333333333334,14.64298814377029,,,,,,,,,,,,
kul3,pooled,2,100,1.0,percentile,3,400.0,400,0.0,79.0,321.0,0.1975,0.8025,3.31049375,,,,,,,,,,,,
kul3,pooled,2,100,1.0,studentised,3,400.0,400,0.0,82.0,318.0,0.205,0.795,3.988853425910711,,,,,,,,,,,,
kul3,pooled,2,100,1.0,bca,3,400.0,400,0.0,84.0,316.0,0.21,0.79,3.9433491109232923,,,,,,,,,,,,
kul3,pooled,2,100,1.0,welch_t,3,400.0,400,0.0,78.0,322.0,0.195,0.805,3.462677692864055,,,,,,,,,,,,
kul3,pooled,2,100,1.0,patient_cluster,3,400.0,272,128.0,117.0,155.0,0.43014705882352944,0.5698529411764706,2.016718445908332,,,,,,,,,,,,
kul3,pooled,2,100,1.0,pseudobulk_patient_t,3,400.0,272,128.0,19.0,253.0,0.06985294117647059,0.9301470588235294,17.47508719154778,,,,,,,,,,,,
kul3,pooled,5,800,1.0,percentile,2,400.0,400,0.0,36.0,364.0,0.09,0.91,2.205525,,,,,,,,,,,,
kul3,pooled,5,800,1.0,patient_cluster,2,400.0,400,0.0,52.0,348.0,0.13,0.87,2.1008756052579542,,,,,,,,,,,,
kul3,pooled,5,800,1.0,pseudobulk_patient_t,2,400.0,400,0.0,27.0,373.0,0.0675,0.9325,3.230292108017399,,,,,,,,,,,,
kul3,pooled,5,800,0.5,percentile,2,400.0,400,0.0,186.0,395.0,0.465,0.9875,1.6956624999999996,,,,,,,,,,,,
kul3,pooled,5,800,0.5,patient_cluster,2,400.0,400,0.0,209.0,385.0,0.5225,0.9625,1.5507516162593957,,,,,,,,,,,,
kul3,pooled,5,800,0.5,pseudobulk_patient_t,2,400.0,400,0.0,77.0,391.0,0.1925,0.9775,2.697839730447269,,,,,,,,,,,,
kul3,pooled,2,100,0.5,percentile,3,400.0,400,0.0,182.0,382.0,0.455,0.955,2.1958124999999997,,,,,,,,,,,,
kul3,pooled,2,100,0.5,studentised,3,400.0,400,0.0,180.0,372.0,0.45,0.93,2.3921103735521774,,,,,,,,,,,,
kul3,pooled,2,100,0.5,bca,3,400.0,400,0.0,183.0,363.0,0.4575,0.9075,2.309482419906074,,,,,,,,,,,,
kul3,pooled,2,100,0.5,welch_t,3,400.0,400,0.0,183.0,388.0,0.4575,0.97,2.238537741948643,,,,,,,,,,,,
kul3,pooled,2,100,0.5,patient_cluster,3,400.0,249,151.0,158.0,177.0,0.6345381526104418,0.7108433734939759,1.5430178961288739,,,,,,,,,,,,
kul3,pooled,2,100,0.5,pseudobulk_patient_t,3,400.0,249,151.0,20.0,240.0,0.08032128514056225,0.963855421686747,13.238652935186684,,,,,,,,,,,,
kul3,pooled,5,5,1.0,percentile,3,400.0,400,0.0,304.0,96.0,0.76,0.24,1.7319999999999993,,,,,,,,,,,,
kul3,pooled,5,5,1.0,patient_cluster,3,400.0,397,3.0,311.0,86.0,0.783375314861461,0.21662468513853905,1.5770918366319435,,,,,,,,,,,,
kul3,pooled,5,5,1.0,pseudobulk_patient_t,3,400.0,397,3.0,100.0,297.0,0.2518891687657431,0.7481108312342569,4.95712103162214,,,,,,,,,,,,
kul3,pooled,5,5,0.5,percentile,3,400.0,400,0.0,312.0,205.0,0.78,0.5125,1.75260625,,,,,,,,,,,,
kul3,pooled,5,5,0.5,patient_cluster,3,400.0,393,7.0,308.0,180.0,0.7837150127226463,0.4580152671755725,1.5827965235173826,,,,,,,,,,,,
kul3,pooled,5,5,0.5,pseudobulk_patient_t,3,400.0,393,7.0,106.0,367.0,0.2697201017811705,0.9338422391857506,5.725751771438313,,,,,,,,,,,,
kul3,pooled,5,50,1.0,percentile,3,400.0,400,0.0,136.0,264.0,0.34,0.66,3.0306312499999994,,,,,,,,,,,,
kul3,pooled,5,50,1.0,patient_cluster,3,400.0,400,0.0,147.0,253.0,0.3675,0.6325,3.016209395036628,,,,,,,,,,,,
kul3,pooled,5,50,1.0,pseudobulk_patient_t,3,400.0,400,0.0,64.0,336.0,0.16,0.84,5.213017890289729,,,,,,,,,,,,
kul3,pooled,5,50,0.5,percentile,3,400.0,400,0.0,205.0,354.0,0.5125,0.885,2.08870625,,,,,,,,,,,,
kul3,pooled,5,50,0.5,patient_cluster,3,400.0,400,0.0,217.0,309.0,0.5425,0.7725,2.0230065616750155,,,,,,,,,,,,
kul3,pooled,5,50,0.5,pseudobulk_patient_t,3,400.0,400,0.0,131.0,379.0,0.3275,0.9475,3.6072384635280077,,,,,,,,,,,,
kul3,pooled,5,100,1.0,percentile,3,400.0,400,0.0,72.0,328.0,0.18,0.82,3.6095812499999997,,,,,,,,,,,,
kul3,pooled,5,100,1.0,patient_cluster,3,400.0,400,0.0,87.0,313.0,0.2175,0.7825,3.3626957729259055,,,,,,,,,,,,
kul3,pooled,5,100,1.0,pseudobulk_patient_t,3,400.0,400,0.0,38.0,362.0,0.095,0.905,5.859509905694983,,,,,,,,,,,,
kul3,pooled,2,800,1.0,percentile,3,400.0,400,0.0,25.0,375.0,0.0625,0.9375,2.1460562499999982,,,,,,,,,,,,
kul3,pooled,2,800,1.0,studentised,3,400.0,400,0.0,33.0,367.0,0.0825,0.9175,2.1718916609099113,,,,,,,,,,,,
kul3,pooled,2,800,1.0,bca,3,400.0,400,0.0,34.0,366.0,0.085,0.915,2.168463884403101,,,,,,,,,,,,
kul3,pooled,2,800,1.0,welch_t,3,400.0,400,0.0,18.0,382.0,0.045,0.955,2.1640614509702774,,,,,,,,,,,,
kul3,pooled,2,800,1.0,patient_cluster,3,400.0,287,113.0,82.0,205.0,0.2857142857142857,0.7142857142857143,1.497391931797439,,,,,,,,,,,,
kul3,pooled,2,800,1.0,pseudobulk_patient_t,3,400.0,287,113.0,12.0,275.0,0.041811846689895474,0.9581881533101045,10.222469255966624,,,,,,,,,,,,
kul3,pooled,2,800,0.5,percentile,3,400.0,400,0.0,232.0,397.0,0.58,0.9925,1.7040312499999999,,,,,,,,,,,,
kul3,pooled,2,800,0.5,studentised,3,400.0,400,0.0,257.0,397.0,0.6425,0.9925,1.7713132291945664,,,,,,,,,,,,
kul3,pooled,2,800,0.5,bca,3,400.0,400,0.0,263.0,397.0,0.6575,0.9925,1.757302922285525,,,,,,,,,,,,
kul3,pooled,2,800,0.5,welch_t,3,400.0,400,0.0,205.0,397.0,0.5125,0.9925,1.7069271730706814,,,,,,,,,,,,
kul3,pooled,2,800,0.5,patient_cluster,3,400.0,258,142.0,186.0,224.0,0.7209302325581395,0.8682170542635659,1.1367599132705408,,,,,,,,,,,,
kul3,pooled,2,800,0.5,pseudobulk_patient_t,3,400.0,258,142.0,30.0,250.0,0.11627906976744186,0.9689922480620154,8.529073810728388,,,,,,,,,,,,
kul3,pooled,5,100,0.5,percentile,3,400.0,400,0.0,179.0,386.0,0.4475,0.965,2.2814499999999995,,,,,,,,,,,,
kul3,pooled,5,100,0.5,patient_cluster,3,400.0,400,0.0,189.0,358.0,0.4725,0.895,2.1504955743923233,,,,,,,,,,,,
kul3,pooled,5,100,0.5,pseudobulk_patient_t,3,400.0,400,0.0,94.0,391.0,0.235,0.9775,3.7479710621913807,,,,,,,,,,,,
kul3,pooled,2,5,0.5,percentile,4,400.0,400,0.0,321.0,209.0,0.8025,0.5225,1.6503375,,,,,,,,,,,,
kul3,pooled,2,5,0.5,studentised,4,400.0,400,0.0,315.0,176.0,0.7875,0.44,1.9892325208467474,,,,,,,,,,,,
kul3,pooled,2,5,0.5,bca,4,400.0,400,0.0,317.0,162.0,0.7925,0.405,1.801358550668812,,,,,,,,,,,,
kul3,pooled,2,5,0.5,welch_t,4,400.0,400,0.0,317.0,273.0,0.7925,0.6825,1.6753665375214257,,,,,,,,,,,,
kul3,pooled,2,5,0.5,patient_cluster,4,400.0,222,178.0,186.0,73.0,0.8378378378378378,0.32882882882882886,1.077469360887001,,,,,,,,,,,,
kul3,pooled,2,5,0.5,pseudobulk_patient_t,4,400.0,222,178.0,41.0,205.0,0.18468468468468469,0.9234234234234234,11.060116547029985,,,,,,,,,,,,
kul3,pooled,2,5,1.0,percentile,4,400.0,400,0.0,286.0,114.0,0.715,0.285,1.7885687499999992,,,,,,,,,,,,
kul3,pooled,2,5,1.0,studentised,4,400.0,400,0.0,277.0,123.0,0.6925,0.3075,2.09642129037761,,,,,,,,,,,,
kul3,pooled,2,5,1.0,bca,4,400.0,400,0.0,282.0,118.0,0.705,0.295,1.9221385571349627,,,,,,,,,,,,
kul3,pooled,2,5,1.0,welch_t,4,400.0,400,0.0,276.0,124.0,0.69,0.31,1.847326116888233,,,,,,,,,,,,
kul3,pooled,2,5,1.0,patient_cluster,4,400.0,212,188.0,165.0,47.0,0.7783018867924528,0.22169811320754718,1.0954364032213677,,,,,,,,,,,,
kul3,pooled,2,5,1.0,pseudobulk_patient_t,4,400.0,212,188.0,28.0,184.0,0.1320754716981132,0.8679245283018868,11.36317175455569,,,,,,,,,,,,
kul3,pooled,2,50,1.0,percentile,4,400.0,400,0.0,131.0,269.0,0.3275,0.6725,3.173093749999998,,,,,,,,,,,,
kul3,pooled,2,50,1.0,studentised,4,400.0,400,0.0,132.0,268.0,0.33,0.67,3.7784986394651945,,,,,,,,,,,,
kul3,pooled,2,50,1.0,bca,4,400.0,400,0.0,136.0,264.0,0.34,0.66,3.5090066292723905,,,,,,,,,,,,
kul3,pooled,2,50,1.0,welch_t,4,400.0,400,0.0,127.0,273.0,0.3175,0.6825,3.246531347704912,,,,,,,,,,,,
kul3,pooled,2,50,1.0,patient_cluster,4,400.0,268,132.0,126.0,142.0,0.4701492537313433,0.5298507462686567,2.5025892394282296,,,,,,,,,,,,
kul3,pooled,2,50,1.0,pseudobulk_patient_t,4,400.0,268,132.0,13.0,255.0,0.048507462686567165,0.9514925373134329,22.345077000658627,,,,,,,,,,,,
kul3,pooled,2,50,0.5,percentile,4,400.0,400,0.0,193.0,357.0,0.4825,0.8925,2.2552062500000005,,,,,,,,,,,,
kul3,pooled,2,50,0.5,studentised,4,400.0,400,0.0,189.0,331.0,0.4725,0.8275,2.4229344763500897,,,,,,,,,,,,
kul3,pooled,2,50,0.5,bca,4,400.0,400,0.0,184.0,323.0,0.46,0.8075,2.3480826269150166,,,,,,,,,,,,
kul3,pooled,2,50,0.5,welch_t,4,400.0,400,0.0,195.0,374.0,0.4875,0.935,2.2860304238005695,,,,,,,,,,,,
kul3,pooled,2,50,0.5,patient_cluster,4,400.0,270,130.0,175.0,170.0,0.6481481481481481,0.6296296296296297,1.5352964168620402,,,,,,,,,,,,
kul3,pooled,2,50,0.5,pseudobulk_patient_t,4,400.0,270,130.0,19.0,263.0,0.07037037037037037,0.9740740740740741,13.956227255162554,,,,,,,,,,,,
kul3,pooled,5,800,0.5,percentile,3,400.0,400,0.0,207.0,397.0,0.5175,0.9925,1.705537499999999,,,,,,,,,,,,
kul3,pooled,5,800,0.5,patient_cluster,3,400.0,400,0.0,208.0,387.0,0.52,0.9675,1.5953459816400106,,,,,,,,,,,,
kul3,pooled,5,800,0.5,pseudobulk_patient_t,3,400.0,400,0.0,82.0,398.0,0.205,0.995,2.7561927125925063,,,,,,,,,,,,
kul3,pooled,5,800,1.0,percentile,3,400.0,400,0.0,23.0,377.0,0.0575,0.9425,2.1774062499999993,,,,,,,,,,,,
kul3,pooled,5,800,1.0,patient_cluster,3,400.0,400,0.0,37.0,363.0,0.0925,0.9075,1.9876879189190064,,,,,,,,,,,,
kul3,pooled,5,800,1.0,pseudobulk_patient_t,3,400.0,400,0.0,16.0,384.0,0.04,0.96,3.2397428831266595,,,,,,,,,,,,
kul3,pooled,2,100,1.0,percentile,4,400.0,400,0.0,88.0,312.0,0.22,0.78,3.4333812499999987,,,,,,,,,,,,
kul3,pooled,2,100,1.0,studentised,4,400.0,400,0.0,94.0,306.0,0.235,0.765,4.141368445557655,,,,,,,,,,,,
kul3,pooled,2,100,1.0,bca,4,400.0,400,0.0,100.0,300.0,0.25,0.75,4.03814207025054,,,,,,,,,,,,
kul3,pooled,2,100,1.0,welch_t,4,400.0,400,0.0,87.0,313.0,0.2175,0.7825,3.5704353266125928,,,,,,,,,,,,
kul3,pooled,2,100,1.0,patient_cluster,4,400.0,264,136.0,109.0,155.0,0.4128787878787879,0.5871212121212122,2.1567203348684663,,,,,,,,,,,,
kul3,pooled,2,100,1.0,pseudobulk_patient_t,4,400.0,264,136.0,22.0,242.0,0.08333333333333333,0.9166666666666666,19.57060388719664,,,,,,,,,,,,
kul3,pooled,5,50,0.5,percentile,4,400.0,400,0.0,214.0,337.0,0.535,0.8425,2.1092749999999993,,,,,,,,,,,,
kul3,pooled,5,50,0.5,patient_cluster,4,400.0,400,0.0,218.0,313.0,0.545,0.7825,2.1311355148273914,,,,,,,,,,,,
kul3,pooled,5,50,0.5,pseudobulk_patient_t,4,400.0,400,0.0,127.0,381.0,0.3175,0.9525,3.750316246833417,,,,,,,,,,,,
kul3,pooled,2,100,0.5,percentile,4,400.0,400,0.0,187.0,381.0,0.4675,0.9525,2.2295187499999987,,,,,,,,,,,,
kul3,pooled,2,100,0.5,studentised,4,400.0,400,0.0,180.0,363.0,0.45,0.9075,2.3769982683153708,,,,,,,,,,,,
kul3,pooled,2,100,0.5,bca,4,400.0,400,0.0,175.0,357.0,0.4375,0.8925,2.363405542202434,,,,,,,,,,,,
kul3,pooled,2,100,0.5,welch_t,4,400.0,400,0.0,188.0,388.0,0.47,0.97,2.2628063125380766,,,,,,,,,,,,
kul3,pooled,2,100,0.5,patient_cluster,4,400.0,282,118.0,180.0,198.0,0.6382978723404256,0.7021276595744681,1.4944683497649431,,,,,,,,,,,,
kul3,pooled,2,100,0.5,pseudobulk_patient_t,4,400.0,282,118.0,18.0,273.0,0.06382978723404255,0.9680851063829787,11.333331905863766,,,,,,,,,,,,
kul3,pooled,5,50,1.0,percentile,4,400.0,400,0.0,141.0,259.0,0.3525,0.6475,2.651968749999998,,,,,,,,,,,,
kul3,pooled,5,50,1.0,patient_cluster,4,400.0,400,0.0,155.0,245.0,0.3875,0.6125,2.7496901956890802,,,,,,,,,,,,
kul3,pooled,5,50,1.0,pseudobulk_patient_t,4,400.0,400,0.0,76.0,324.0,0.19,0.81,4.870658762635888,,,,,,,,,,,,
kul3,pooled,5,5,0.5,percentile,4,400.0,400,0.0,317.0,208.0,0.7925,0.52,1.7721437499999992,,,,,,,,,,,,
kul3,pooled,5,5,0.5,patient_cluster,4,400.0,385,15.0,308.0,185.0,0.8,0.4805194805194805,1.5796989497249072,,,,,,,,,,,,
kul3,pooled,5,5,0.5,pseudobulk_patient_t,4,400.0,385,15.0,109.0,357.0,0.2831168831168831,0.9272727272727272,4.891637392748507,,,,,,,,,,,,
kul3,pooled,5,5,1.0,percentile,4,400.0,400,0.0,267.0,133.0,0.6675,0.3325,1.83988125,,,,,,,,,,,,
kul3,pooled,5,5,1.0,patient_cluster,4,400.0,388,12.0,269.0,119.0,0.6932989690721649,0.30670103092783507,1.7206103762102005,,,,,,,,,,,,
kul3,pooled,5,5,1.0,pseudobulk_patient_t,4,400.0,388,12.0,87.0,301.0,0.22422680412371135,0.7757731958762887,5.979618342358991,,,,,,,,,,,,
kul3,pooled,2,800,0.5,percentile,4,400.0,400,0.0,209.0,400.0,0.5225,1.0,1.6687562499999982,,,,,,,,,,,,
kul3,pooled,2,800,0.5,studentised,4,400.0,400,0.0,248.0,399.0,0.62,0.9975,1.7803503345647849,,,,,,,,,,,,
kul3,pooled,2,800,0.5,bca,4,400.0,400,0.0,250.0,398.0,0.625,0.995,1.7180907049547698,,,,,,,,,,,,
kul3,pooled,2,800,0.5,welch_t,4,400.0,400,0.0,188.0,400.0,0.47,1.0,1.6816334963625887,,,,,,,,,,,,
kul3,pooled,2,800,0.5,patient_cluster,4,400.0,273,127.0,189.0,224.0,0.6923076923076923,0.8205128205128205,1.09363059239039,,,,,,,,,,,,
kul3,pooled,2,800,0.5,pseudobulk_patient_t,4,400.0,273,127.0,28.0,263.0,0.10256410256410256,0.9633699633699634,8.334686422246232,,,,,,,,,,,,
kul3,pooled,2,800,1.0,percentile,4,400.0,400,0.0,27.0,373.0,0.0675,0.9325,2.1665937499999997,,,,,,,,,,,,
kul3,pooled,2,800,1.0,studentised,4,400.0,400,0.0,38.0,362.0,0.095,0.905,2.169488762989401,,,,,,,,,,,,
kul3,pooled,2,800,1.0,bca,4,400.0,400,0.0,40.0,360.0,0.1,0.9,2.187364691483978,,,,,,,,,,,,
kul3,pooled,2,800,1.0,welch_t,4,400.0,400,0.0,22.0,378.0,0.055,0.945,2.1652910548040207,,,,,,,,,,,,
kul3,pooled,2,800,1.0,patient_cluster,4,400.0,268,132.0,72.0,196.0,0.26865671641791045,0.7313432835820896,1.2891297790406075,,,,,,,,,,,,
kul3,pooled,2,800,1.0,pseudobulk_patient_t,4,400.0,268,132.0,8.0,260.0,0.029850746268656716,0.9701492537313433,9.706059432833234,,,,,,,,,,,,
kul3,pooled,5,100,0.5,percentile,4,400.0,400,0.0,181.0,386.0,0.4525,0.965,2.309262499999999,,,,,,,,,,,,
kul3,pooled,5,100,0.5,patient_cluster,4,400.0,400,0.0,186.0,347.0,0.465,0.8675,2.2141857109267624,,,,,,,,,,,,
kul3,pooled,5,100,0.5,pseudobulk_patient_t,4,400.0,400,0.0,112.0,393.0,0.28,0.9825,3.7482145732753755,,,,,,,,,,,,
kul3,pooled,5,100,1.0,percentile,4,400.0,400,0.0,105.0,295.0,0.2625,0.7375,3.3582124999999987,,,,,,,,,,,,
kul3,pooled,5,100,1.0,patient_cluster,4,400.0,400,0.0,118.0,282.0,0.295,0.705,3.0440901430083533,,,,,,,,,,,,
kul3,pooled,5,100,1.0,pseudobulk_patient_t,4,400.0,400,0.0,59.0,341.0,0.1475,0.8525,5.399398728430128,,,,,,,,,,,,
kul3,reference,2,5,1.0,percentile,20260831,400.0,400,0.0,241.0,159.0,0.6025,0.3975,3.89728125,,,,,,,,,,,,
kul3,reference,2,5,1.0,studentised,20260831,400.0,400,0.0,229.0,171.0,0.5725,0.4275,4.335413532407507,,,,,,,,,,,,
kul3,reference,2,5,1.0,bca,20260831,400.0,400,0.0,234.0,166.0,0.585,0.415,3.9955108549799476,,,,,,,,,,,,
kul3,reference,2,5,1.0,welch_t,20260831,400.0,400,0.0,232.0,168.0,0.58,0.42,4.267844799589447,,,,,,,,,,,,
kul3,reference,2,5,1.0,patient_cluster,20260831,400.0,245,155.0,158.0,87.0,0.6448979591836734,0.3551020408163265,4.613942570149581,,,,,,,,,,,,
kul3,reference,2,5,1.0,pseudobulk_patient_t,20260831,400.0,245,155.0,19.0,226.0,0.07755102040816327,0.9224489795918367,44.282407302426655,,,,,,,,,,,,
kul3,reference,2,5,0.5,percentile,20260831,400.0,400,0.0,282.0,162.0,0.705,0.405,3.3657500000000002,,,,,,,,,,,,
kul3,reference,2,5,0.5,studentised,20260831,400.0,400,0.0,263.0,163.0,0.6575,0.4075,3.62405938609353,,,,,,,,,,,,
kul3,reference,2,5,0.5,bca,20260831,400.0,400,0.0,267.0,161.0,0.6675,0.4025,3.44782055042339,,,,,,,,,,,,
kul3,reference,2,5,0.5,welch_t,20260831,400.0,400,0.0,269.0,165.0,0.6725,0.4125,3.4883956324738072,,,,,,,,,,,,
kul3,reference,2,5,0.5,patient_cluster,20260831,400.0,243,157.0,172.0,147.0,0.7078189300411523,0.6049382716049383,4.351519699812384,,,,,,,,,,,,
kul3,reference,2,5,0.5,pseudobulk_patient_t,20260831,400.0,243,157.0,25.0,235.0,0.102880658436214,0.9670781893004116,40.712776198622194,,,,,,,,,,,,
kul3,pooled,5,800,0.5,percentile,4,400.0,400,0.0,202.0,397.0,0.505,0.9925,1.7808687499999998,,,,,,,,,,,,
kul3,pooled,5,800,0.5,patient_cluster,4,400.0,400,0.0,225.0,389.0,0.5625,0.9725,1.5358020541681867,,,,,,,,,,,,
kul3,pooled,5,800,0.5,pseudobulk_patient_t,4,400.0,400,0.0,100.0,398.0,0.25,0.995,2.6539632050560726,,,,,,,,,,,,
kul3,reference,2,50,0.5,percentile,20260831,400.0,400,0.0,200.0,353.0,0.5,0.8825,4.4975749999999985,,,,,,,,,,,,
kul3,reference,2,50,0.5,studentised,20260831,400.0,400,0.0,171.0,349.0,0.4275,0.8725,5.014947547813296,,,,,,,,,,,,
kul3,reference,2,50,0.5,bca,20260831,400.0,400,0.0,165.0,351.0,0.4125,0.8775,4.848936610101286,,,,,,,,,,,,
kul3,reference,2,50,0.5,welch_t,20260831,400.0,400,0.0,213.0,355.0,0.5325,0.8875,4.618247797024077,,,,,,,,,,,,
kul3,reference,2,50,0.5,patient_cluster,20260831,400.0,243,157.0,127.0,204.0,0.522633744855967,0.8395061728395061,4.6686443057308615,,,,,,,,,,,,
kul3,reference,2,50,0.5,pseudobulk_patient_t,20260831,400.0,243,157.0,18.0,239.0,0.07407407407407407,0.9835390946502057,28.093075085783692,,,,,,,,,,,,
kul3,reference,2,100,1.0,percentile,20260831,400.0,400,0.0,57.0,343.0,0.1425,0.8575,6.679924999999999,,,,,,,,,,,,
kul3,reference,2,100,1.0,studentised,20260831,400.0,400,0.0,52.0,348.0,0.13,0.87,7.927708063193921,,,,,,,,,,,,
kul3,reference,2,100,1.0,bca,20260831,400.0,400,0.0,59.0,341.0,0.1475,0.8525,7.1199863634597875,,,,,,,,,,,,
kul3,reference,2,100,1.0,welch_t,20260831,400.0,400,0.0,60.0,340.0,0.15,0.85,6.816837052244571,,,,,,,,,,,,
kul3,reference,2,100,1.0,patient_cluster,20260831,400.0,270,130.0,64.0,206.0,0.23703703703703705,0.762962962962963,5.822331876856883,,,,,,,,,,,,
kul3,reference,2,100,1.0,pseudobulk_patient_t,20260831,400.0,270,130.0,15.0,255.0,0.05555555555555555,0.9444444444444444,28.16735214567852,,,,,,,,,,,,
kul3,pooled,5,800,1.0,percentile,4,400.0,400,0.0,28.0,372.0,0.07,0.93,2.2056937499999996,,,,,,,,,,,,
kul3,pooled,5,800,1.0,patient_cluster,4,400.0,400,0.0,55.0,345.0,0.1375,0.8625,1.993430047772899,,,,,,,,,,,,
kul3,pooled,5,800,1.0,pseudobulk_patient_t,4,400.0,400,0.0,10.0,390.0,0.025,0.975,3.137924679655116,,,,,,,,,,,,
kul3,reference,2,50,1.0,percentile,20260831,400.0,400,0.0,61.0,339.0,0.1525,0.8475,7.872968749999996,,,,,,,,,,,,
kul3,reference,2,50,1.0,studentised,20260831,400.0,400,0.0,60.0,340.0,0.15,0.85,11.369637350253264,,,,,,,,,,,,
kul3,reference,2,50,1.0,bca,20260831,400.0,400,0.0,58.0,342.0,0.145,0.855,9.239723285578261,,,,,,,,,,,,
kul3,reference,2,50,1.0,welch_t,20260831,400.0,400,0.0,69.0,331.0,0.1725,0.8275,8.195983036214617,,,,,,,,,,,,
kul3,reference,2,50,1.0,patient_cluster,20260831,400.0,258,142.0,66.0,192.0,0.2558139534883721,0.7441860465116279,6.433074880219013,,,,,,,,,,,,
kul3,reference,2,50,1.0,pseudobulk_patient_t,20260831,400.0,258,142.0,14.0,244.0,0.05426356589147287,0.9457364341085271,43.67044360623739,,,,,,,,,,,,
kul3,reference,5,5,1.0,percentile,20260831,400.0,400,0.0,260.0,140.0,0.65,0.35,3.30739375,,,,,,,,,,,,
kul3,reference,5,5,1.0,patient_cluster,20260831,400.0,398,2.0,259.0,139.0,0.6507537688442211,0.3492462311557789,5.090994798102255,,,,,,,,,,,,
kul3,reference,5,5,1.0,pseudobulk_patient_t,20260831,400.0,398,2.0,82.0,316.0,0.20603015075376885,0.7939698492462312,15.208356696772857,,,,,,,,,,,,
kul3,reference,2,100,0.5,percentile,20260831,400.0,400,0.0,212.0,380.0,0.53,0.95,4.217831249999999,,,,,,,,,,,,
kul3,reference,2,100,0.5,studentised,20260831,400.0,400,0.0,192.0,378.0,0.48,0.945,4.381199158685616,,,,,,,,,,,,
kul3,reference,2,100,0.5,bca,20260831,400.0,400,0.0,193.0,378.0,0.4825,0.945,4.354756437108913,,,,,,,,,,,,
kul3,reference,2,100,0.5,welch_t,20260831,400.0,400,0.0,223.0,385.0,0.5575,0.9625,4.23576794609976,,,,,,,,,,,,
kul3,reference,2,100,0.5,patient_cluster,20260831,400.0,266,134.0,140.0,229.0,0.5263157894736842,0.8609022556390977,4.52977961241327,,,,,,,,,,,,
kul3,reference,2,100,0.5,pseudobulk_patient_t,20260831,400.0,266,134.0,31.0,258.0,0.11654135338345864,0.9699248120300752,24.704717531452545,,,,,,,,,,,,
kul3,reference,5,5,0.5,percentile,20260831,400.0,400,0.0,282.0,155.0,0.705,0.3875,3.066831249999999,,,,,,,,,,,,
kul3,reference,5,5,0.5,patient_cluster,20260831,400.0,400,0.0,282.0,271.0,0.705,0.6775,4.731021698299381,,,,,,,,,,,,
kul3,reference,5,5,0.5,pseudobulk_patient_t,20260831,400.0,400,0.0,96.0,382.0,0.24,0.955,13.65661533498923,,,,,,,,,,,,
kul3,reference,5,50,1.0,percentile,20260831,400.0,400,0.0,78.0,322.0,0.195,0.805,8.472350000000002,,,,,,,,,,,,
kul3,reference,5,50,1.0,patient_cluster,20260831,400.0,400,0.0,85.0,315.0,0.2125,0.7875,8.272224623744204,,,,,,,,,,,,
kul3,reference,5,50,1.0,pseudobulk_patient_t,20260831,400.0,400,0.0,37.0,363.0,0.0925,0.9075,14.32264581997537,,,,,,,,,,,,
kul3,reference,5,50,0.5,percentile,20260831,400.0,400,0.0,193.0,344.0,0.4825,0.86,4.844418749999997,,,,,,,,,,,,
kul3,reference,5,50,0.5,patient_cluster,20260831,400.0,400,0.0,179.0,382.0,0.4475,0.955,5.709556180386177,,,,,,,,,,,,
kul3,reference,5,50,0.5,pseudobulk_patient_t,20260831,400.0,400,0.0,99.0,390.0,0.2475,0.975,8.802663451389389,,,,,,,,,,,,
kul3,reference,5,100,1.0,percentile,20260831,400.0,400,0.0,47.0,353.0,0.1175,0.8825,6.833849999999996,,,,,,,,,,,,
kul3,reference,5,100,1.0,patient_cluster,20260831,400.0,400,0.0,44.0,356.0,0.11,0.89,6.971384554298277,,,,,,,,,,,,
kul3,reference,5,100,1.0,pseudobulk_patient_t,20260831,400.0,400,0.0,22.0,378.0,0.055,0.945,10.009346139964194,,,,,,,,,,,,
kul3,reference,2,800,0.5,percentile,20260831,400.0,400,0.0,347.0,397.0,0.8675,0.9925,2.933487499999999,,,,,,,,,,,,
kul3,reference,2,800,0.5,studentised,20260831,400.0,400,0.0,352.0,396.0,0.88,0.99,3.010368150663674,,,,,,,,,,,,
kul3,reference,2,800,0.5,bca,20260831,400.0,400,0.0,357.0,398.0,0.8925,0.995,2.956325716330598,,,,,,,,,,,,
kul3,reference,2,800,0.5,welch_t,20260831,400.0,400,0.0,340.0,397.0,0.85,0.9925,2.9758544804765377,,,,,,,,,,,,
kul3,reference,2,800,0.5,patient_cluster,20260831,400.0,272,128.0,127.0,254.0,0.46691176470588236,0.9338235294117647,4.5040516084152955,,,,,,,,,,,,
kul3,reference,2,800,0.5,pseudobulk_patient_t,20260831,400.0,272,128.0,26.0,266.0,0.09558823529411764,0.9779411764705882,18.496365270003825,,,,,,,,,,,,
kul3,reference,2,800,1.0,percentile,20260831,400.0,400,0.0,25.0,375.0,0.0625,0.9375,3.7283062499999993,,,,,,,,,,,,
kul3,reference,2,800,1.0,studentised,20260831,400.0,400,0.0,29.0,371.0,0.0725,0.9275,3.744555641113208,,,,,,,,,,,,
kul3,reference,2,800,1.0,bca,20260831,400.0,400,0.0,28.0,372.0,0.07,0.93,3.741262225349823,,,,,,,,,,,,
kul3,reference,2,800,1.0,welch_t,20260831,400.0,400,0.0,23.0,377.0,0.0575,0.9425,3.730238065207045,,,,,,,,,,,,
kul3,reference,2,800,1.0,patient_cluster,20260831,400.0,269,131.0,34.0,235.0,0.12639405204460966,0.8736059479553904,5.362761139844002,,,,,,,,,,,,
kul3,reference,2,800,1.0,pseudobulk_patient_t,20260831,400.0,269,131.0,8.0,261.0,0.02973977695167286,0.9702602230483272,16.800250654962127,,,,,,,,,,,,
kul3,reference,5,100,0.5,percentile,20260831,400.0,400,0.0,221.0,380.0,0.5525,0.95,4.22093125,,,,,,,,,,,,
kul3,reference,5,100,0.5,patient_cluster,20260831,400.0,400,0.0,181.0,396.0,0.4525,0.99,5.202649376883604,,,,,,,,,,,,
kul3,reference,5,100,0.5,pseudobulk_patient_t,20260831,400.0,400,0.0,105.0,395.0,0.2625,0.9875,7.5139390372846355,,,,,,,,,,,,
kul3,reference,2,5,1.0,percentile,1,400.0,400,0.0,245.0,155.0,0.6125,0.3875,3.807306250000001,,,,,,,,,,,,
kul3,reference,2,5,1.0,studentised,1,400.0,400,0.0,234.0,166.0,0.585,0.415,4.223435796161571,,,,,,,,,,,,
kul3,reference,2,5,1.0,bca,1,400.0,400,0.0,239.0,161.0,0.5975,0.4025,3.8673306549138697,,,,,,,,,,,,
kul3,reference,2,5,1.0,welch_t,1,400.0,400,0.0,239.0,161.0,0.5975,0.4025,4.076351830141577,,,,,,,,,,,,
kul3,reference,2,5,1.0,patient_cluster,1,400.0,251,149.0,162.0,89.0,0.6454183266932271,0.3545816733067729,4.629301948051948,,,,,,,,,,,,
kul3,reference,2,5,1.0,pseudobulk_patient_t,1,400.0,251,149.0,24.0,227.0,0.09561752988047809,0.9043824701195219,45.00271029827983,,,,,,,,,,,,
kul3,reference,2,5,0.5,percentile,1,400.0,400,0.0,276.0,164.0,0.69,0.41,3.4194562499999996,,,,,,,,,,,,
kul3,reference,2,5,0.5,studentised,1,400.0,400,0.0,265.0,169.0,0.6625,0.4225,3.6423078330432177,,,,,,,,,,,,
kul3,reference,2,5,0.5,bca,1,400.0,400,0.0,268.0,168.0,0.67,0.42,3.5119177304671125,,,,,,,,,,,,
kul3,reference,2,5,0.5,welch_t,1,400.0,400,0.0,270.0,172.0,0.675,0.43,3.5522663403479617,,,,,,,,,,,,
kul3,reference,2,5,0.5,patient_cluster,1,400.0,231,169.0,171.0,130.0,0.7402597402597403,0.5627705627705628,4.139787367104439,,,,,,,,,,,,
kul3,reference,2,5,0.5,pseudobulk_patient_t,1,400.0,231,169.0,20.0,225.0,0.08658008658008658,0.974025974025974,43.38929769880698,,,,,,,,,,,,
kul3,reference,2,50,1.0,percentile,1,400.0,400,0.0,65.0,335.0,0.1625,0.8375,8.25946875,,,,,,,,,,,,
kul3,reference,2,50,1.0,studentised,1,400.0,400,0.0,63.0,337.0,0.1575,0.8425,12.417918683503789,,,,,,,,,,,,
kul3,reference,2,50,1.0,bca,1,400.0,400,0.0,64.0,336.0,0.16,0.84,9.884830818129647,,,,,,,,,,,,
kul3,reference,2,50,1.0,welch_t,1,400.0,400,0.0,70.0,330.0,0.175,0.825,8.681896139054501,,,,,,,,,,,,
kul3,reference,2,50,1.0,patient_cluster,1,400.0,264,136.0,67.0,197.0,0.2537878787878788,0.7462121212121212,6.981095495134644,,,,,,,,,,,,
kul3,reference,2,50,1.0,pseudobulk_patient_t,1,400.0,264,136.0,13.0,251.0,0.04924242424242424,0.9507575757575758,41.31934714227035,,,,,,,,,,,,
kul3,reference,2,50,0.5,percentile,1,400.0,400,0.0,198.0,353.0,0.495,0.8825,4.805068749999998,,,,,,,,,,,,
kul3,reference,2,50,0.5,studentised,1,400.0,400,0.0,175.0,343.0,0.4375,0.8575,5.1174824935120835,,,,,,,,,,,,
kul3,reference,2,50,0.5,bca,1,400.0,400,0.0,169.0,345.0,0.4225,0.8625,5.025784596336489,,,,,,,,,,,,
kul3,reference,2,50,0.5,welch_t,1,400.0,400,0.0,212.0,355.0,0.53,0.8875,4.8412165555282485,,,,,,,,,,,,
kul3,reference,2,50,0.5,patient_cluster,1,400.0,266,134.0,153.0,225.0,0.575187969924812,0.8458646616541353,4.797330148990382,,,,,,,,,,,,
kul3,reference,2,50,0.5,pseudobulk_patient_t,1,400.0,266,134.0,28.0,255.0,0.10526315789473684,0.9586466165413534,25.5195360621469,,,,,,,,,,,,
kul3,reference,5,800,0.5,percentile,20260831,400.0,400,0.0,356.0,399.0,0.89,0.9975,2.931187499999999,,,,,,,,,,,,
kul3,reference,5,800,0.5,patient_cluster,20260831,400.0,400,0.0,171.0,400.0,0.4275,1.0,4.486558387783588,,,,,,,,,,,,
kul3,reference,5,800,0.5,pseudobulk_patient_t,20260831,400.0,400,0.0,133.0,396.0,0.3325,0.99,5.098303797699964,,,,,,,,,,,,
kul3,reference,5,800,1.0,percentile,20260831,400.0,400,0.0,22.0,378.0,0.055,0.945,3.7344875,,,,,,,,,,,,
kul3,reference,5,800,1.0,patient_cluster,20260831,400.0,400,0.0,3.0,397.0,0.0075,0.9925,5.755489612729265,,,,,,,,,,,,
kul3,reference,5,800,1.0,pseudobulk_patient_t,20260831,400.0,400,0.0,15.0,385.0,0.0375,0.9625,5.391012548069524,,,,,,,,,,,,
kul3,reference,2,100,1.0,percentile,1,400.0,400,0.0,44.0,356.0,0.11,0.89,6.888824999999998,,,,,,,,,,,,
kul3,reference,2,100,1.0,studentised,1,400.0,400,0.0,44.0,356.0,0.11,0.89,8.001457876007404,,,,,,,,,,,,
kul3,reference,2,100,1.0,bca,1,400.0,400,0.0,45.0,355.0,0.1125,0.8875,7.32463822989037,,,,,,,,,,,,
kul3,reference,2,100,1.0,welch_t,1,400.0,400,0.0,43.0,357.0,0.1075,0.8925,6.965494620416477,,,,,,,,,,,,
kul3,reference,2,100,1.0,patient_cluster,1,400.0,278,122.0,49.0,229.0,0.17625899280575538,0.8237410071942446,6.323308728468252,,,,,,,,,,,,
kul3,reference,2,100,1.0,pseudobulk_patient_t,1,400.0,278,122.0,14.0,264.0,0.050359712230215826,0.9496402877697842,37.082028959993735,,,,,,,,,,,,
kul3,reference,2,100,0.5,percentile,1,400.0,400,0.0,198.0,387.0,0.495,0.9675,4.390399999999999,,,,,,,,,,,,
kul3,reference,2,100,0.5,studentised,1,400.0,400,0.0,173.0,381.0,0.4325,0.9525,4.545364395447116,,,,,,,,,,,,
kul3,reference,2,100,0.5,bca,1,400.0,400,0.0,173.0,380.0,0.4325,0.95,4.494354591964621,,,,,,,,,,,,
kul3,reference,2,100,0.5,welch_t,1,400.0,400,0.0,206.0,388.0,0.515,0.97,4.45774163979111,,,,,,,,,,,,
kul3,reference,2,100,0.5,patient_cluster,1,400.0,270,130.0,121.0,238.0,0.44814814814814813,0.8814814814814815,4.645007445086099,,,,,,,,,,,,
kul3,reference,2,100,0.5,pseudobulk_patient_t,1,400.0,270,130.0,19.0,263.0,0.07037037037037037,0.9740740740740741,26.812820472396027,,,,,,,,,,,,
kul3,reference,5,5,0.5,percentile,1,400.0,400,0.0,263.0,175.0,0.6575,0.4375,3.242187499999997,,,,,,,,,,,,
kul3,reference,5,5,0.5,patient_cluster,1,400.0,398,2.0,268.0,272.0,0.6733668341708543,0.6834170854271356,4.882853701966106,,,,,,,,,,,,
kul3,reference,5,5,0.5,pseudobulk_patient_t,1,400.0,398,2.0,89.0,377.0,0.2236180904522613,0.9472361809045227,13.249267310956473,,,,,,,,,,,,
kul3,reference,5,5,1.0,percentile,1,400.0,400,0.0,236.0,164.0,0.59,0.41,3.5849937499999998,,,,,,,,,,,,
kul3,reference,5,5,1.0,patient_cluster,1,400.0,400,0.0,243.0,157.0,0.6075,0.3925,5.510503611112014,,,,,,,,,,,,
kul3,reference,5,5,1.0,pseudobulk_patient_t,1,400.0,400,0.0,73.0,327.0,0.1825,0.8175,16.941409821423022,,,,,,,,,,,,
kul3,reference,5,50,1.0,percentile,1,400.0,400,0.0,77.0,323.0,0.1925,0.8075,8.013768749999997,,,,,,,,,,,,
kul3,reference,5,50,1.0,patient_cluster,1,400.0,400,0.0,74.0,326.0,0.185,0.815,7.98858848813885,,,,,,,,,,,,
kul3,reference,5,50,1.0,pseudobulk_patient_t,1,400.0,400,0.0,31.0,369.0,0.0775,0.9225,13.45527370567645,,,,,,,,,,,,
kul3,reference,5,50,0.5,percentile,1,400.0,400,0.0,186.0,350.0,0.465,0.875,4.879037499999999,,,,,,,,,,,,
kul3,reference,5,50,0.5,patient_cluster,1,400.0,400,0.0,177.0,384.0,0.4425,0.96,5.588008175875448,,,,,,,,,,,,
kul3,reference,5,50,0.5,pseudobulk_patient_t,1,400.0,400,0.0,102.0,398.0,0.255,0.995,8.777836834112861,,,,,,,,,,,,
kul3,reference,5,100,1.0,percentile,1,400.0,400,0.0,54.0,346.0,0.135,0.865,6.958781249999998,,,,,,,,,,,,
kul3,reference,5,100,1.0,patient_cluster,1,400.0,400,0.0,39.0,361.0,0.0975,0.9025,7.311453208199227,,,,,,,,,,,,
kul3,reference,5,100,1.0,pseudobulk_patient_t,1,400.0,400,0.0,16.0,384.0,0.04,0.96,10.802106756562498,,,,,,,,,,,,
kul3,reference,2,800,0.5,percentile,1,400.0,400,0.0,360.0,398.0,0.9,0.995,3.0620562499999995,,,,,,,,,,,,
kul3,reference,2,800,0.5,studentised,1,400.0,400,0.0,366.0,397.0,0.915,0.9925,3.148387664311733,,,,,,,,,,,,
kul3,reference,2,800,0.5,bca,1,400.0,400,0.0,364.0,397.0,0.91,0.9925,3.1041804934798076,,,,,,,,,,,,
kul3,reference,2,800,0.5,welch_t,1,400.0,400,0.0,354.0,398.0,0.885,0.995,3.095237755735763,,,,,,,,,,,,
kul3,reference,2,800,0.5,patient_cluster,1,400.0,283,117.0,130.0,267.0,0.45936395759717313,0.9434628975265018,4.803298401137081,,,,,,,,,,,,
kul3,reference,2,800,0.5,pseudobulk_patient_t,1,400.0,283,117.0,19.0,281.0,0.06713780918727916,0.9929328621908127,21.985528746679442,,,,,,,,,,,,
kul3,reference,5,100,0.5,percentile,1,400.0,400,0.0,219.0,381.0,0.5475,0.9525,4.205293749999997,,,,,,,,,,,,
kul3,reference,5,100,0.5,patient_cluster,1,400.0,400,0.0,179.0,399.0,0.4475,0.9975,5.221815281594147,,,,,,,,,,,,
kul3,reference,5,100,0.5,pseudobulk_patient_t,1,400.0,400,0.0,106.0,394.0,0.265,0.985,7.26074551441318,,,,,,,,,,,,
kul3,reference,2,800,1.0,percentile,1,400.0,400,0.0,15.0,385.0,0.0375,0.9625,3.75819375,,,,,,,,,,,,
kul3,reference,2,800,1.0,studentised,1,400.0,400,0.0,19.0,381.0,0.0475,0.9525,3.7768849303427667,,,,,,,,,,,,
kul3,reference,2,800,1.0,bca,1,400.0,400,0.0,17.0,383.0,0.0425,0.9575,3.7608738658590877,,,,,,,,,,,,
kul3,reference,2,800,1.0,welch_t,1,400.0,400,0.0,13.0,387.0,0.0325,0.9675,3.799531807280898,,,,,,,,,,,,
kul3,reference,2,800,1.0,patient_cluster,1,400.0,266,134.0,31.0,235.0,0.11654135338345864,0.8834586466165414,5.685144128081944,,,,,,,,,,,,
kul3,reference,2,800,1.0,pseudobulk_patient_t,1,400.0,266,134.0,11.0,255.0,0.041353383458646614,0.9586466165413534,17.903999647577415,,,,,,,,,,,,
kul3,reference,2,5,0.5,percentile,2,400.0,400,0.0,277.0,174.0,0.6925,0.435,3.275381249999999,,,,,,,,,,,,
kul3,reference,2,5,0.5,studentised,2,400.0,400,0.0,266.0,176.0,0.665,0.44,3.560335081533939,,,,,,,,,,,,
kul3,reference,2,5,0.5,bca,2,400.0,400,0.0,271.0,175.0,0.6775,0.4375,3.3477389790629912,,,,,,,,,,,,
kul3,reference,2,5,0.5,welch_t,2,400.0,400,0.0,270.0,178.0,0.675,0.445,3.425440838767841,,,,,,,,,,,,
kul3,reference,2,5,0.5,patient_cluster,2,400.0,247,153.0,184.0,142.0,0.7449392712550608,0.5748987854251012,4.081151370724111,,,,,,,,,,,,
kul3,reference,2,5,0.5,pseudobulk_patient_t,2,400.0,247,153.0,26.0,234.0,0.10526315789473684,0.9473684210526315,41.958085198488405,,,,,,,,,,,,
kul3,reference,2,5,1.0,percentile,2,400.0,400,0.0,242.0,158.0,0.605,0.395,3.580043749999998,,,,,,,,,,,,
kul3,reference,2,5,1.0,studentised,2,400.0,400,0.0,235.0,165.0,0.5875,0.4125,3.9209357365886235,,,,,,,,,,,,
kul3,reference,2,5,1.0,bca,2,400.0,400,0.0,238.0,162.0,0.595,0.405,3.6637777136707284,,,,,,,,,,,,
kul3,reference,2,5,1.0,welch_t,2,400.0,400,0.0,237.0,163.0,0.5925,0.4075,3.7881380099458024,,,,,,,,,,,,
kul3,reference,2,5,1.0,patient_cluster,2,400.0,235,165.0,142.0,93.0,0.6042553191489362,0.39574468085106385,4.631268381084963,,,,,,,,,,,,
kul3,reference,2,5,1.0,pseudobulk_patient_t,2,400.0,235,165.0,22.0,213.0,0.09361702127659574,0.9063829787234042,47.90343868930845,,,,,,,,,,,,
kul3,reference,2,50,1.0,percentile,2,400.0,400,0.0,76.0,324.0,0.19,0.81,8.09014375,,,,,,,,,,,,
kul3,reference,2,50,1.0,studentised,2,400.0,400,0.0,74.0,326.0,0.185,0.815,11.738593476147747,,,,,,,,,,,,
kul3,reference,2,50,1.0,bca,2,400.0,400,0.0,71.0,329.0,0.1775,0.8225,9.349919285988207,,,,,,,,,,,,
kul3,reference,2,50,1.0,welch_t,2,400.0,400,0.0,80.0,320.0,0.2,0.8,8.434477427619317,,,,,,,,,,,,
kul3,reference,2,50,1.0,patient_cluster,2,400.0,283,117.0,80.0,203.0,0.2826855123674912,0.7173144876325088,6.536825175500963,,,,,,,,,,,,
kul3,reference,2,50,1.0,pseudobulk_patient_t,2,400.0,283,117.0,16.0,267.0,0.05653710247349823,0.9434628975265018,40.56171427242571,,,,,,,,,,,,
kul3,reference,5,800,1.0,percentile,1,400.0,400,0.0,23.0,377.0,0.0575,0.9425,3.7829125,,,,,,,,,,,,
kul3,reference,5,800,1.0,patient_cluster,1,400.0,400,0.0,6.0,394.0,0.015,0.985,5.873186038751181,,,,,,,,,,,,
kul3,reference,5,800,1.0,pseudobulk_patient_t,1,400.0,400,0.0,10.0,390.0,0.025,0.975,5.482678252218367,,,,,,,,,,,,
kul3,reference,2,50,0.5,percentile,2,400.0,400,0.0,193.0,346.0,0.4825,0.865,4.706437499999998,,,,,,,,,,,,
kul3,reference,2,50,0.5,studentised,2,400.0,400,0.0,166.0,344.0,0.415,0.86,5.290195450771746,,,,,,,,,,,,
kul3,reference,2,50,0.5,bca,2,400.0,400,0.0,159.0,337.0,0.3975,0.8425,5.17720160220874,,,,,,,,,,,,
kul3,reference,2,50,0.5,welch_t,2,400.0,400,0.0,205.0,352.0,0.5125,0.88,4.853546013879955,,,,,,,,,,,,
kul3,reference,2,50,0.5,patient_cluster,2,400.0,266,134.0,138.0,218.0,0.518796992481203,0.8195488721804511,4.848363151811131,,,,,,,,,,,,
kul3,reference,2,50,0.5,pseudobulk_patient_t,2,400.0,266,134.0,18.0,256.0,0.06766917293233082,0.9624060150375939,32.51984132541962,,,,,,,,,,,,
kul3,reference,2,100,1.0,percentile,2,400.0,400,0.0,43.0,357.0,0.1075,0.8925,6.547199999999993,,,,,,,,,,,,
kul3,reference,2,100,1.0,studentised,2,400.0,400,0.0,39.0,361.0,0.0975,0.9025,7.9444164333273495,,,,,,,,,,,,
kul3,reference,2,100,1.0,bca,2,400.0,400,0.0,39.0,361.0,0.0975,0.9025,6.930205181117343,,,,,,,,,,,,
kul3,reference,2,100,1.0,welch_t,2,400.0,400,0.0,44.0,356.0,0.11,0.89,6.66337553159123,,,,,,,,,,,,
kul3,reference,2,100,1.0,patient_cluster,2,400.0,258,142.0,62.0,196.0,0.24031007751937986,0.7596899224806202,5.921445543641522,,,,,,,,,,,,
kul3,reference,2,100,1.0,pseudobulk_patient_t,2,400.0,258,142.0,12.0,246.0,0.046511627906976744,0.9534883720930233,35.108276961060085,,,,,,,,,,,,
kul3,reference,5,800,0.5,percentile,1,400.0,400,0.0,355.0,398.0,0.8875,0.995,2.9320312499999996,,,,,,,,,,,,
kul3,reference,5,800,0.5,patient_cluster,1,400.0,400,0.0,173.0,400.0,0.4325,1.0,4.550304946537112,,,,,,,,,,,,
kul3,reference,5,800,0.5,pseudobulk_patient_t,1,400.0,400,0.0,148.0,398.0,0.37,0.995,5.200003167668628,,,,,,,,,,,,
kul3,reference,5,5,1.0,percentile,2,400.0,400,0.0,235.0,165.0,0.5875,0.4125,3.4709812499999986,,,,,,,,,,,,
kul3,reference,5,5,1.0,patient_cluster,2,400.0,395,5.0,243.0,152.0,0.6151898734177215,0.3848101265822785,5.197431905307646,,,,,,,,,,,,
kul3,reference,5,5,1.0,pseudobulk_patient_t,2,400.0,395,5.0,84.0,311.0,0.21265822784810126,0.7873417721518987,14.702332590740724,,,,,,,,,,,,
kul3,reference,2,100,0.5,percentile,2,400.0,400,0.0,216.0,383.0,0.54,0.9575,4.21393125,,,,,,,,,,,,
kul3,reference,2,100,0.5,studentised,2,400.0,400,0.0,194.0,372.0,0.485,0.93,4.305225423567414,,,,,,,,,,,,
kul3,reference,2,100,0.5,bca,2,400.0,400,0.0,186.0,377.0,0.465,0.9425,4.281256983622092,,,,,,,,,,,,
kul3,reference,2,100,0.5,welch_t,2,400.0,400,0.0,231.0,385.0,0.5775,0.9625,4.251654722943153,,,,,,,,,,,,
kul3,reference,2,100,0.5,patient_cluster,2,400.0,284,116.0,146.0,254.0,0.5140845070422535,0.8943661971830986,4.7930318793155156,,,,,,,,,,,,
kul3,reference,2,100,0.5,pseudobulk_patient_t,2,400.0,284,116.0,25.0,274.0,0.0880281690140845,0.9647887323943662,28.597106193104324,,,,,,,,,,,,
kul3,reference,5,50,1.0,percentile,2,400.0,400,0.0,79.0,321.0,0.1975,0.8025,8.12309375,,,,,,,,,,,,
kul3,reference,5,50,1.0,patient_cluster,2,400.0,400,0.0,69.0,331.0,0.1725,0.8275,8.175459723969768,,,,,,,,,,,,
kul3,reference,5,50,1.0,pseudobulk_patient_t,2,400.0,400,0.0,32.0,368.0,0.08,0.92,13.511222136173156,,,,,,,,,,,,
kul3,reference,5,5,0.5,percentile,2,400.0,400,0.0,272.0,178.0,0.68,0.445,3.2775312499999996,,,,,,,,,,,,
kul3,reference,5,5,0.5,patient_cluster,2,400.0,398,2.0,267.0,280.0,0.6708542713567839,0.7035175879396985,5.141498164206293,,,,,,,,,,,,
kul3,reference,5,5,0.5,pseudobulk_patient_t,2,400.0,398,2.0,78.0,394.0,0.19597989949748743,0.9899497487437185,14.29531031910462,,,,,,,,,,,,
kul3,reference,5,50,0.5,percentile,2,400.0,400,0.0,186.0,356.0,0.465,0.89,4.8915500000000005,,,,,,,,,,,,
kul3,reference,5,50,0.5,patient_cluster,2,400.0,400,0.0,175.0,384.0,0.4375,0.96,5.670997722170297,,,,,,,,,,,,
kul3,reference,5,50,0.5,pseudobulk_patient_t,2,400.0,400,0.0,90.0,399.0,0.225,0.9975,8.909643636620247,,,,,,,,,,,,
kul3,reference,2,800,0.5,percentile,2,400.0,400,0.0,350.0,400.0,0.875,1.0,2.986375,,,,,,,,,,,,
kul3,reference,2,800,0.5,studentised,2,400.0,400,0.0,357.0,399.0,0.8925,0.9975,3.014765580512345,,,,,,,,,,,,
kul3,reference,2,800,0.5,bca,2,400.0,400,0.0,359.0,398.0,0.8975,0.995,2.992407071371413,,,,,,,,,,,,
kul3,reference,2,800,0.5,welch_t,2,400.0,400,0.0,340.0,400.0,0.85,1.0,2.9632144335890773,,,,,,,,,,,,
kul3,reference,2,800,0.5,patient_cluster,2,400.0,258,142.0,126.0,244.0,0.4883720930232558,0.9457364341085271,4.2946218850410425,,,,,,,,,,,,
kul3,reference,2,800,0.5,pseudobulk_patient_t,2,400.0,258,142.0,32.0,250.0,0.12403100775193798,0.9689922480620154,17.327355187482183,,,,,,,,,,,,
kul3,reference,5,100,1.0,percentile,2,400.0,400,0.0,50.0,350.0,0.125,0.875,7.057262499999997,,,,,,,,,,,,
kul3,reference,5,100,1.0,patient_cluster,2,400.0,400,0.0,44.0,356.0,0.11,0.89,7.4340676345832755,,,,,,,,,,,,
kul3,reference,5,100,1.0,pseudobulk_patient_t,2,400.0,400,0.0,20.0,380.0,0.05,0.95,11.34890048715972,,,,,,,,,,,,
kul3,reference,5,100,0.5,percentile,2,400.0,400,0.0,215.0,382.0,0.5375,0.955,4.176068749999999,,,,,,,,,,,,
kul3,reference,5,100,0.5,patient_cluster,2,400.0,400,0.0,180.0,392.0,0.45,0.98,5.1758655515775125,,,,,,,,,,,,
kul3,reference,5,100,0.5,pseudobulk_patient_t,2,400.0,400,0.0,78.0,398.0,0.195,0.995,7.659660053804712,,,,,,,,,,,,
kul3,reference,2,800,1.0,percentile,2,400.0,400,0.0,19.0,381.0,0.0475,0.9525,3.7607562499999987,,,,,,,,,,,,
kul3,reference,2,800,1.0,studentised,2,400.0,400,0.0,22.0,378.0,0.055,0.945,3.7487493619942294,,,,,,,,,,,,
kul3,reference,2,800,1.0,bca,2,400.0,400,0.0,20.0,380.0,0.05,0.95,3.7622860821667516,,,,,,,,,,,,
kul3,reference,2,800,1.0,welch_t,2,400.0,400,0.0,18.0,382.0,0.045,0.955,3.7343824362875075,,,,,,,,,,,,
kul3,reference,2,800,1.0,patient_cluster,2,400.0,268,132.0,32.0,236.0,0.11940298507462686,0.8805970149253731,5.705382267356436,,,,,,,,,,,,
kul3,reference,2,800,1.0,pseudobulk_patient_t,2,400.0,268,132.0,12.0,256.0,0.04477611940298507,0.9552238805970149,17.374044623046636,,,,,,,,,,,,
kul3,reference,5,800,1.0,percentile,2,400.0,400,0.0,18.0,382.0,0.045,0.955,3.7466124999999995,,,,,,,,,,,,
kul3,reference,5,800,1.0,patient_cluster,2,400.0,400,0.0,1.0,399.0,0.0025,0.9975,5.9042900443654664,,,,,,,,,,,,
kul3,reference,5,800,1.0,pseudobulk_patient_t,2,400.0,400,0.0,9.0,391.0,0.0225,0.9775,5.237307883174488,,,,,,,,,,,,
kul3,reference,2,50,1.0,percentile,3,400.0,400,0.0,78.0,322.0,0.195,0.805,8.356818749999999,,,,,,,,,,,,
kul3,reference,2,50,1.0,studentised,3,400.0,400,0.0,67.0,333.0,0.1675,0.8325,12.412444374335042,,,,,,,,,,,,
kul3,reference,2,50,1.0,bca,3,400.0,400,0.0,75.0,325.0,0.1875,0.8125,9.678081748527887,,,,,,,,,,,,
kul3,reference,2,50,1.0,welch_t,3,400.0,400,0.0,79.0,321.0,0.1975,0.8025,8.691649182541202,,,,,,,,,,,,
kul3,reference,2,50,1.0,patient_cluster,3,400.0,262,138.0,66.0,196.0,0.25190839694656486,0.7480916030534351,6.727207314696233,,,,,,,,,,,,
kul3,reference,2,50,1.0,pseudobulk_patient_t,3,400.0,262,138.0,8.0,254.0,0.030534351145038167,0.9694656488549618,48.362156520176924,,,,,,,,,,,,
kul3,reference,2,5,1.0,percentile,3,400.0,400,0.0,243.0,157.0,0.6075,0.3925,3.7154437499999986,,,,,,,,,,,,
kul3,reference,2,5,1.0,studentised,3,400.0,400,0.0,232.0,168.0,0.58,0.42,4.1463557211339435,,,,,,,,,,,,
kul3,reference,2,5,1.0,bca,3,400.0,400,0.0,239.0,161.0,0.5975,0.4025,3.854389740379409,,,,,,,,,,,,
kul3,reference,2,5,1.0,welch_t,3,400.0,400,0.0,236.0,164.0,0.59,0.41,4.038392859630786,,,,,,,,,,,,
kul3,reference,2,5,1.0,patient_cluster,3,400.0,250,150.0,160.0,90.0,0.64,0.36,4.698283700886402,,,,,,,,,,,,
kul3,reference,2,5,1.0,pseudobulk_patient_t,3,400.0,250,150.0,22.0,228.0,0.088,0.912,49.8269438128154,,,,,,,,,,,,
kul3,reference,5,800,0.5,percentile,2,400.0,400,0.0,353.0,398.0,0.8825,0.995,2.9758375,,,,,,,,,,,,
kul3,reference,5,800,0.5,patient_cluster,2,400.0,400,0.0,181.0,398.0,0.4525,0.995,4.6297316044530055,,,,,,,,,,,,
kul3,reference,5,800,0.5,pseudobulk_patient_t,2,400.0,400,0.0,129.0,394.0,0.3225,0.985,5.423381737192221,,,,,,,,,,,,
kul3,reference,2,5,0.5,percentile,3,400.0,400,0.0,286.0,168.0,0.715,0.42,3.2807437499999983,,,,,,,,,,,,
kul3,reference,2,5,0.5,studentised,3,400.0,400,0.0,273.0,167.0,0.6825,0.4175,3.503945771610436,,,,,,,,,,,,
kul3,reference,2,5,0.5,bca,3,400.0,400,0.0,277.0,165.0,0.6925,0.4125,3.405163842904015,,,,,,,,,,,,
kul3,reference,2,5,0.5,welch_t,3,400.0,400,0.0,280.0,173.0,0.7,0.4325,3.3654123199896384,,,,,,,,,,,,
kul3,reference,2,5,0.5,patient_cluster,3,400.0,241,159.0,173.0,130.0,0.7178423236514523,0.5394190871369294,4.2608020141230964,,,,,,,,,,,,
kul3,reference,2,5,0.5,pseudobulk_patient_t,3,400.0,241,159.0,19.0,230.0,0.07883817427385892,0.9543568464730291,43.97957027244255,,,,,,,,,,,,
kul3,reference,2,100,1.0,percentile,3,400.0,400,0.0,43.0,357.0,0.1075,0.8925,6.777099999999999,,,,,,,,,,,,
kul3,reference,2,100,1.0,studentised,3,400.0,400,0.0,38.0,362.0,0.095,0.905,8.115957199580746,,,,,,,,,,,,
kul3,reference,2,100,1.0,bca,3,400.0,400,0.0,39.0,361.0,0.0975,0.9025,7.336029817239677,,,,,,,,,,,,
kul3,reference,2,100,1.0,welch_t,3,400.0,400,0.0,38.0,362.0,0.095,0.905,6.861115310561769,,,,,,,,,,,,
kul3,reference,2,100,1.0,patient_cluster,3,400.0,272,128.0,60.0,212.0,0.22058823529411764,0.7794117647058824,5.582405775313758,,,,,,,,,,,,
kul3,reference,2,100,1.0,pseudobulk_patient_t,3,400.0,272,128.0,11.0,261.0,0.04044117647058824,0.9595588235294118,32.256789834313906,,,,,,,,,,,,
kul3,reference,2,50,0.5,percentile,3,400.0,400,0.0,190.0,345.0,0.475,0.8625,4.773243749999999,,,,,,,,,,,,
kul3,reference,2,50,0.5,studentised,3,400.0,400,0.0,155.0,340.0,0.3875,0.85,5.453191746654546,,,,,,,,,,,,
kul3,reference,2,50,0.5,bca,3,400.0,400,0.0,154.0,336.0,0.385,0.84,5.024195325544602,,,,,,,,,,,,
kul3,reference,2,50,0.5,welch_t,3,400.0,400,0.0,198.0,347.0,0.495,0.8675,4.862861622236427,,,,,,,,,,,,
kul3,reference,2,50,0.5,patient_cluster,3,400.0,264,136.0,139.0,227.0,0.5265151515151515,0.8598484848484849,4.824362777543745,,,,,,,,,,,,
kul3,reference,2,50,0.5,pseudobulk_patient_t,3,400.0,264,136.0,18.0,256.0,0.06818181818181818,0.9696969696969697,31.882005992526707,,,,,,,,,,,,
kul3,reference,5,5,0.5,percentile,3,400.0,400,0.0,279.0,158.0,0.6975,0.395,3.1374749999999993,,,,,,,,,,,,
kul3,reference,5,5,0.5,patient_cluster,3,400.0,398,2.0,277.0,269.0,0.6959798994974874,0.6758793969849246,4.769372530116026,,,,,,,,,,,,
kul3,reference,5,5,0.5,pseudobulk_patient_t,3,400.0,398,2.0,82.0,385.0,0.20603015075376885,0.9673366834170855,13.95804715366301,,,,,,,,,,,,
kul3,reference,2,100,0.5,percentile,3,400.0,400,0.0,225.0,378.0,0.5625,0.945,4.140237500000001,,,,,,,,,,,,
kul3,reference,2,100,0.5,studentised,3,400.0,400,0.0,197.0,373.0,0.4925,0.9325,4.276820846168793,,,,,,,,,,,,
kul3,reference,2,100,0.5,bca,3,400.0,400,0.0,199.0,372.0,0.4975,0.93,4.244096804733555,,,,,,,,,,,,
kul3,reference,2,100,0.5,welch_t,3,400.0,400,0.0,231.0,379.0,0.5775,0.9475,4.186391489512756,,,,,,,,,,,,
kul3,reference,2,100,0.5,patient_cluster,3,400.0,249,151.0,140.0,207.0,0.5622489959839357,0.8313253012048193,4.312215470465735,,,,,,,,,,,,
kul3,reference,2,100,0.5,pseudobulk_patient_t,3,400.0,249,151.0,24.0,240.0,0.0963855421686747,0.963855421686747,25.343612911950405,,,,,,,,,,,,
kul3,reference,5,5,1.0,percentile,3,400.0,400,0.0,240.0,160.0,0.6,0.4,3.4742562499999994,,,,,,,,,,,,
kul3,reference,5,5,1.0,patient_cluster,3,400.0,398,2.0,244.0,154.0,0.6130653266331658,0.3869346733668342,5.19038617178037,,,,,,,,,,,,
kul3,reference,5,5,1.0,pseudobulk_patient_t,3,400.0,398,2.0,75.0,323.0,0.1884422110552764,0.8115577889447236,16.50287938958391,,,,,,,,,,,,
kul3,reference,5,50,1.0,percentile,3,400.0,400,0.0,80.0,320.0,0.2,0.8,8.4542375,,,,,,,,,,,,
kul3,reference,5,50,1.0,patient_cluster,3,400.0,400,0.0,71.0,329.0,0.1775,0.8225,8.393929388158675,,,,,,,,,,,,
kul3,reference,5,50,1.0,pseudobulk_patient_t,3,400.0,400,0.0,38.0,362.0,0.095,0.905,13.172483311901015,,,,,,,,,,,,
kul3,reference,5,50,0.5,percentile,3,400.0,400,0.0,194.0,346.0,0.485,0.865,4.750962499999998,,,,,,,,,,,,
kul3,reference,5,50,0.5,patient_cluster,3,400.0,400,0.0,169.0,385.0,0.4225,0.9625,5.89639403400876,,,,,,,,,,,,
kul3,reference,5,50,0.5,pseudobulk_patient_t,3,400.0,400,0.0,80.0,397.0,0.2,0.9925,9.361966366693473,,,,,,,,,,,,
kul3,reference,5,100,1.0,percentile,3,400.0,400,0.0,48.0,352.0,0.12,0.88,7.0278625,,,,,,,,,,,,
kul3,reference,5,100,1.0,patient_cluster,3,400.0,400,0.0,37.0,363.0,0.0925,0.9075,7.348624341205593,,,,,,,,,,,,
kul3,reference,5,100,1.0,pseudobulk_patient_t,3,400.0,400,0.0,21.0,379.0,0.0525,0.9475,10.17803116972939,,,,,,,,,,,,
kul3,reference,2,800,0.5,percentile,3,400.0,400,0.0,362.0,399.0,0.905,0.9975,3.0163624999999987,,,,,,,,,,,,
kul3,reference,2,800,0.5,studentised,3,400.0,400,0.0,368.0,399.0,0.92,0.9975,3.0980939410976136,,,,,,,,,,,,
kul3,reference,2,800,0.5,bca,3,400.0,400,0.0,370.0,399.0,0.925,0.9975,3.0681766998570437,,,,,,,,,,,,
kul3,reference,2,800,0.5,welch_t,3,400.0,400,0.0,353.0,399.0,0.8825,0.9975,3.0614913114497835,,,,,,,,,,,,
kul3,reference,2,800,0.5,patient_cluster,3,400.0,258,142.0,142.0,233.0,0.5503875968992248,0.9031007751937985,3.8203648468249307,,,,,,,,,,,,
kul3,reference,2,800,0.5,pseudobulk_patient_t,3,400.0,258,142.0,30.0,254.0,0.11627906976744186,0.9844961240310077,17.65828089637631,,,,,,,,,,,,
kul3,reference,2,800,1.0,percentile,3,400.0,400,0.0,17.0,383.0,0.0425,0.9575,3.8039312499999998,,,,,,,,,,,,
kul3,reference,2,800,1.0,studentised,3,400.0,400,0.0,20.0,380.0,0.05,0.95,3.7780939707497367,,,,,,,,,,,,
kul3,reference,2,800,1.0,bca,3,400.0,400,0.0,18.0,382.0,0.045,0.955,3.7935375027570366,,,,,,,,,,,,
kul3,reference,2,800,1.0,welch_t,3,400.0,400,0.0,16.0,384.0,0.04,0.96,3.7827354846847863,,,,,,,,,,,,
kul3,reference,2,800,1.0,patient_cluster,3,400.0,287,113.0,34.0,253.0,0.11846689895470383,0.8815331010452961,5.8986161374688875,,,,,,,,,,,,
kul3,reference,2,800,1.0,pseudobulk_patient_t,3,400.0,287,113.0,14.0,273.0,0.04878048780487805,0.9512195121951219,16.4175288469988,,,,,,,,,,,,
kul3,reference,5,100,0.5,percentile,3,400.0,400,0.0,201.0,384.0,0.5025,0.96,4.291056249999998,,,,,,,,,,,,
kul3,reference,5,100,0.5,patient_cluster,3,400.0,400,0.0,165.0,397.0,0.4125,0.9925,5.4491904905333755,,,,,,,,,,,,
kul3,reference,5,100,0.5,pseudobulk_patient_t,3,400.0,400,0.0,75.0,397.0,0.1875,0.9925,7.656616607369932,,,,,,,,,,,,
kul3,reference,5,800,0.5,percentile,3,400.0,400,0.0,354.0,398.0,0.885,0.995,2.9533375,,,,,,,,,,,,
kul3,reference,5,800,0.5,patient_cluster,3,400.0,400,0.0,184.0,400.0,0.46,1.0,4.480781020405079,,,,,,,,,,,,
kul3,reference,5,800,0.5,pseudobulk_patient_t,3,400.0,400,0.0,129.0,398.0,0.3225,0.995,5.21554770616565,,,,,,,,,,,,
kul3,reference,2,5,1.0,percentile,4,400.0,400,0.0,254.0,146.0,0.635,0.365,3.6346124999999994,,,,,,,,,,,,
kul3,reference,2,5,1.0,studentised,4,400.0,400,0.0,243.0,157.0,0.6075,0.3925,3.9481569792043087,,,,,,,,,,,,
kul3,reference,2,5,1.0,bca,4,400.0,400,0.0,251.0,149.0,0.6275,0.3725,3.7063126173307417,,,,,,,,,,,,
kul3,reference,2,5,1.0,welch_t,4,400.0,400,0.0,247.0,153.0,0.6175,0.3825,3.8212574326277986,,,,,,,,,,,,
kul3,reference,2,5,1.0,patient_cluster,4,400.0,239,161.0,150.0,89.0,0.6276150627615062,0.3723849372384937,4.745331254578582,,,,,,,,,,,,
kul3,reference,2,5,1.0,pseudobulk_patient_t,4,400.0,239,161.0,15.0,224.0,0.06276150627615062,0.9372384937238494,50.01548347543297,,,,,,,,,,,,
kul3,reference,2,50,1.0,percentile,4,400.0,400,0.0,67.0,333.0,0.1675,0.8325,8.0569375,,,,,,,,,,,,
kul3,reference,2,50,1.0,studentised,4,400.0,400,0.0,67.0,333.0,0.1675,0.8325,12.898505699254764,,,,,,,,,,,,
kul3,reference,2,50,1.0,bca,4,400.0,400,0.0,68.0,332.0,0.17,0.83,9.650787545088026,,,,,,,,,,,,
kul3,reference,2,50,1.0,welch_t,4,400.0,400,0.0,69.0,331.0,0.1725,0.8275,8.521066862866949,,,,,,,,,,,,
kul3,reference,2,50,1.0,patient_cluster,4,400.0,268,132.0,70.0,198.0,0.26119402985074625,0.7388059701492538,6.161225806170902,,,,,,,,,,,,
kul3,reference,2,50,1.0,pseudobulk_patient_t,4,400.0,268,132.0,11.0,257.0,0.041044776119402986,0.9589552238805971,45.60852240759512,,,,,,,,,,,,
kul3,reference,2,5,0.5,percentile,4,400.0,400,0.0,285.0,175.0,0.7125,0.4375,3.394225,,,,,,,,,,,,
kul3,reference,2,5,0.5,studentised,4,400.0,400,0.0,266.0,174.0,0.665,0.435,3.675870151287528,,,,,,,,,,,,
kul3,reference,2,5,0.5,bca,4,400.0,400,0.0,268.0,170.0,0.67,0.425,3.4744051757901726,,,,,,,,,,,,
kul3,reference,2,5,0.5,welch_t,4,400.0,400,0.0,267.0,180.0,0.6675,0.45,3.554446694787117,,,,,,,,,,,,
kul3,reference,2,5,0.5,patient_cluster,4,400.0,261,139.0,200.0,145.0,0.7662835249042146,0.5555555555555556,4.2070048309178745,,,,,,,,,,,,
kul3,reference,2,5,0.5,pseudobulk_patient_t,4,400.0,261,139.0,27.0,250.0,0.10344827586206896,0.9578544061302682,44.94553305640907,,,,,,,,,,,,
kul3,reference,2,50,0.5,percentile,4,400.0,400,0.0,205.0,352.0,0.5125,0.88,4.63623125,,,,,,,,,,,,
kul3,reference,2,50,0.5,studentised,4,400.0,400,0.0,170.0,351.0,0.425,0.8775,5.094530085059527,,,,,,,,,,,,
kul3,reference,2,50,0.5,bca,4,400.0,400,0.0,169.0,351.0,0.4225,0.8775,4.971622389779616,,,,,,,,,,,,
kul3,reference,2,50,0.5,welch_t,4,400.0,400,0.0,213.0,353.0,0.5325,0.8825,4.774118479756779,,,,,,,,,,,,
kul3,reference,2,50,0.5,patient_cluster,4,400.0,270,130.0,151.0,233.0,0.5592592592592592,0.8629629629629629,4.825130001071571,,,,,,,,,,,,
kul3,reference,2,50,0.5,pseudobulk_patient_t,4,400.0,270,130.0,20.0,267.0,0.07407407407407407,0.9888888888888889,34.61441033944835,,,,,,,,,,,,
kul3,reference,5,800,1.0,percentile,3,400.0,400,0.0,29.0,371.0,0.0725,0.9275,3.6841562499999974,,,,,,,,,,,,
kul3,reference,5,800,1.0,patient_cluster,3,400.0,400,0.0,9.0,391.0,0.0225,0.9775,5.818358558066668,,,,,,,,,,,,
kul3,reference,5,800,1.0,pseudobulk_patient_t,3,400.0,400,0.0,11.0,389.0,0.0275,0.9725,5.523702555626475,,,,,,,,,,,,
kul3,reference,2,100,1.0,percentile,4,400.0,400,0.0,46.0,354.0,0.115,0.885,6.75105625,,,,,,,,,,,,
kul3,reference,2,100,1.0,studentised,4,400.0,400,0.0,44.0,356.0,0.11,0.89,7.9939289201167805,,,,,,,,,,,,
kul3,reference,2,100,1.0,bca,4,400.0,400,0.0,43.0,357.0,0.1075,0.8925,7.244625716182897,,,,,,,,,,,,
kul3,reference,2,100,1.0,welch_t,4,400.0,400,0.0,51.0,349.0,0.1275,0.8725,6.852282508701601,,,,,,,,,,,,
kul3,reference,2,100,1.0,patient_cluster,4,400.0,264,136.0,62.0,202.0,0.23484848484848486,0.7651515151515151,6.1406506206495814,,,,,,,,,,,,
kul3,reference,2,100,1.0,pseudobulk_patient_t,4,400.0,264,136.0,16.0,248.0,0.06060606060606061,0.9393939393939394,36.19133826492941,,,,,,,,,,,,
kul3,reference,5,50,1.0,percentile,4,400.0,400,0.0,70.0,330.0,0.175,0.825,8.384612500000001,,,,,,,,,,,,
kul3,reference,5,50,1.0,patient_cluster,4,400.0,400,0.0,67.0,333.0,0.1675,0.8325,8.162775876704783,,,,,,,,,,,,
kul3,reference,5,50,1.0,pseudobulk_patient_t,4,400.0,400,0.0,36.0,364.0,0.09,0.91,13.61221380802915,,,,,,,,,,,,
kul3,reference,2,100,0.5,percentile,4,400.0,400,0.0,205.0,382.0,0.5125,0.955,4.196006249999998,,,,,,,,,,,,
kul3,reference,2,100,0.5,studentised,4,400.0,400,0.0,187.0,378.0,0.4675,0.945,4.306719230494036,,,,,,,,,,,,
kul3,reference,2,100,0.5,bca,4,400.0,400,0.0,183.0,377.0,0.4575,0.9425,4.302984272677128,,,,,,,,,,,,
kul3,reference,2,100,0.5,welch_t,4,400.0,400,0.0,214.0,385.0,0.535,0.9625,4.287745541713124,,,,,,,,,,,,
kul3,reference,2,100,0.5,patient_cluster,4,400.0,282,118.0,156.0,250.0,0.5531914893617021,0.8865248226950354,4.57723416489106,,,,,,,,,,,,
kul3,reference,2,100,0.5,pseudobulk_patient_t,4,400.0,282,118.0,19.0,272.0,0.0673758865248227,0.9645390070921985,26.646328877751273,,,,,,,,,,,,
kul3,reference,5,5,0.5,percentile,4,400.0,400,0.0,278.0,161.0,0.695,0.4025,3.1369874999999983,,,,,,,,,,,,
kul3,reference,5,5,0.5,patient_cluster,4,400.0,400,0.0,282.0,260.0,0.705,0.65,4.79707406440354,,,,,,,,,,,,
kul3,reference,5,5,0.5,pseudobulk_patient_t,4,400.0,400,0.0,83.0,390.0,0.2075,0.975,13.949195565454936,,,,,,,,,,,,
kul3,reference,2,800,1.0,percentile,4,400.0,400,0.0,25.0,375.0,0.0625,0.9375,3.809243749999997,,,,,,,,,,,,
kul3,reference,2,800,1.0,studentised,4,400.0,400,0.0,29.0,371.0,0.0725,0.9275,3.8007867967197564,,,,,,,,,,,,
kul3,reference,2,800,1.0,bca,4,400.0,400,0.0,29.0,371.0,0.0725,0.9275,3.823099857981033,,,,,,,,,,,,
kul3,reference,2,800,1.0,welch_t,4,400.0,400,0.0,23.0,377.0,0.0575,0.9425,3.8279932826711267,,,,,,,,,,,,
kul3,reference,2,800,1.0,patient_cluster,4,400.0,268,132.0,31.0,237.0,0.11567164179104478,0.8843283582089553,5.661522583169054,,,,,,,,,,,,
kul3,reference,2,800,1.0,pseudobulk_patient_t,4,400.0,268,132.0,5.0,263.0,0.018656716417910446,0.9813432835820896,15.619486662965215,,,,,,,,,,,,
kul3,reference,2,800,0.5,percentile,4,400.0,400,0.0,353.0,399.0,0.8825,0.9975,3.0200499999999995,,,,,,,,,,,,
kul3,reference,2,800,0.5,studentised,4,400.0,400,0.0,357.0,398.0,0.8925,0.995,3.0815364941652437,,,,,,,,,,,,
kul3,reference,2,800,0.5,bca,4,400.0,400,0.0,359.0,399.0,0.8975,0.9975,3.0691010357678294,,,,,,,,,,,,
kul3,reference,2,800,0.5,welch_t,4,400.0,400,0.0,350.0,398.0,0.875,0.995,3.0404210703178727,,,,,,,,,,,,
kul3,reference,2,800,0.5,patient_cluster,4,400.0,273,127.0,136.0,251.0,0.4981684981684982,0.9194139194139194,4.230108814592035,,,,,,,,,,,,
kul3,reference,2,800,0.5,pseudobulk_patient_t,4,400.0,273,127.0,28.0,265.0,0.10256410256410256,0.9706959706959707,20.245503375387194,,,,,,,,,,,,
kul3,reference,5,5,1.0,percentile,4,400.0,400,0.0,239.0,161.0,0.5975,0.4025,3.6122499999999995,,,,,,,,,,,,
kul3,reference,5,5,1.0,patient_cluster,4,400.0,400,0.0,251.0,149.0,0.6275,0.3725,5.469003156240022,,,,,,,,,,,,
kul3,reference,5,5,1.0,pseudobulk_patient_t,4,400.0,400,0.0,58.0,342.0,0.145,0.855,16.139638317276493,,,,,,,,,,,,
kul3,reference,5,50,0.5,percentile,4,400.0,400,0.0,190.0,358.0,0.475,0.895,4.9111312499999995,,,,,,,,,,,,
kul3,reference,5,50,0.5,patient_cluster,4,400.0,400,0.0,174.0,393.0,0.435,0.9825,5.717154280841033,,,,,,,,,,,,
kul3,reference,5,50,0.5,pseudobulk_patient_t,4,400.0,400,0.0,93.0,398.0,0.2325,0.995,8.866862435930862,,,,,,,,,,,,
kul3,reference,5,100,1.0,percentile,4,400.0,400,0.0,36.0,364.0,0.09,0.91,6.8424812500000005,,,,,,,,,,,,
kul3,reference,5,100,1.0,patient_cluster,4,400.0,400,0.0,43.0,357.0,0.1075,0.8925,7.431116985006335,,,,,,,,,,,,
kul3,reference,5,100,1.0,pseudobulk_patient_t,4,400.0,400,0.0,16.0,384.0,0.04,0.96,11.470877535224075,,,,,,,,,,,,
kul3,reference,5,100,0.5,percentile,4,400.0,400,0.0,224.0,379.0,0.56,0.9475,4.270524999999999,,,,,,,,,,,,
kul3,reference,5,100,0.5,patient_cluster,4,400.0,400,0.0,175.0,394.0,0.4375,0.985,5.219198830882717,,,,,,,,,,,,
kul3,reference,5,100,0.5,pseudobulk_patient_t,4,400.0,400,0.0,94.0,397.0,0.235,0.9925,7.307885415634688,,,,,,,,,,,,
kul3,reference,5,800,0.5,percentile,4,400.0,400,0.0,336.0,398.0,0.84,0.995,2.94404375,,,,,,,,,,,,
kul3,reference,5,800,0.5,patient_cluster,4,400.0,400,0.0,154.0,399.0,0.385,0.9975,4.526638491001513,,,,,,,,,,,,
kul3,reference,5,800,0.5,pseudobulk_patient_t,4,400.0,400,0.0,135.0,396.0,0.3375,0.99,5.180886381405745,,,,,,,,,,,,
kul3,reference,5,800,1.0,percentile,4,400.0,400,0.0,21.0,379.0,0.0525,0.9475,3.7683125000000004,,,,,,,,,,,,
kul3,reference,5,800,1.0,patient_cluster,4,400.0,400,0.0,5.0,395.0,0.0125,0.9875,5.740826289031224,,,,,,,,,,,,
kul3,reference,5,800,1.0,pseudobulk_patient_t,4,400.0,400,0.0,8.0,392.0,0.02,0.98,5.498308114610161,,,,,,,,,,,,
